Date,Open,High,Low,Close,Volume,Dividends,Stock Splits,Repaired?
2022-01-03 00:00:00-05:00,174.54290230186947,179.49955854778523,174.42512523500616,178.6456298828125,104487900,0.0,0.0,False
2022-01-04 00:00:00-05:00,179.25417452208993,179.5584419205672,175.80904564797467,176.37832641601562,99310400,0.0,0.0,False
2022-01-05 00:00:00-05:00,176.2900014242933,176.83964771384632,171.4118681394032,171.6866912841797,94537600,0.0,0.0,False
2022-01-06 00:00:00-05:00,169.50773661732023,172.05968310015797,168.46733250526367,168.8206787109375,96904000,0.0,0.0,False
2022-01-07 00:00:00-05:00,169.69422597653536,170.9211204367095,167.86860642072668,168.98753356933594,86709100,0.0,0.0,False
2022-01-10 00:00:00-05:00,165.95464256744464,169.31142378084766,165.06145986786478,169.0071563720703,106765600,0.0,0.0,False
2022-01-11 00:00:00-05:00,169.13478740187807,171.94190783972073,167.66251389723809,171.84376525878906,76138300,0.0,0.0,False
2022-01-12 00:00:00-05:00,172.8645062038037,173.90491024436494,171.58854802680634,172.28541564941406,74805200,0.0,0.0,False
2022-01-13 00:00:00-05:00,172.5307934232952,173.3552628490283,168.614541185956,169.0071563720703,84505800,0.0,0.0,False
2022-01-14 00:00:00-05:00,168.1728627813742,170.56776300627916,167.9274839054903,169.8708953857422,80440800,0.0,0.0,False
2022-01-18 00:00:00-05:00,168.33972966979056,169.35068950665382,166.27855596311068,166.66134643554688,90956700,0.0,0.0,False
2022-01-19 00:00:00-05:00,166.85766697028808,167.91770571060235,162.87271567304091,163.1573486328125,94815000,0.0,0.0,False
2022-01-20 00:00:00-05:00,163.8934607946357,166.54354975921092,161.14521428529383,161.4691162109375,91420500,0.0,0.0,False
2022-01-21 00:00:00-05:00,161.3807536899333,163.25545162190275,159.2999459193411,159.4079132080078,122848900,0.0,0.0,False
2022-01-24 00:00:00-05:00,157.06216727654524,159.30002217032788,151.84049587322377,158.63258361816406,162294600,0.0,0.0,False
2022-01-25 00:00:00-05:00,156.0413682743393,159.75149657631562,154.1176058094028,156.8265838623047,115798400,0.0,0.0,False
2022-01-26 00:00:00-05:00,160.4778233011423,161.3513717096446,154.9028210933392,156.73825073242188,108275300,0.0,0.0,False
2022-01-27 00:00:00-05:00,159.44719215998208,160.8114981245685,155.35427426622283,156.2769012451172,121954600,0.0,0.0,False
2022-01-28 00:00:00-05:00,162.64695192499494,167.2011835771804,159.79073801782928,167.18154907226562,179935700,0.0,0.0,False
2022-01-31 00:00:00-05:00,167.0146888598467,171.76522050687674,166.37669476906368,171.54928588867188,115541600,0.0,0.0,False
2022-02-01 00:00:00-05:00,170.79356132780114,171.6082212502739,169.1249874400796,171.38247680664062,86213900,0.0,0.0,False
2022-02-02 00:00:00-05:00,171.51985796847407,172.62897543344508,170.1261075578704,172.58970642089844,84914300,0.0,0.0,False
2022-02-03 00:00:00-05:00,171.25483696595504,172.98231399971922,168.93845956073986,169.70404052734375,89418100,0.0,0.0,False
2022-02-04 00:00:00-05:00,168.72125118343195,171.09955797995624,167.73848523293438,169.4190216064453,82465400,0.22,0.0,False
2022-02-07 00:00:00-05:00,169.88093057527257,170.95214191132882,168.00384392494493,168.7016143798828,77251200,0.0,0.0,False
2022-02-08 00:00:00-05:00,168.7704203940124,172.32804392038554,168.4755875609354,171.81700134277344,74829200,0.0,0.0,False
2022-02-09 00:00:00-05:00,173.01595715476017,173.60560775677658,171.885767258212,173.2419891357422,71285000,0.0,0.0,False
2022-02-10 00:00:00-05:00,171.1388626912715,172.45576547110866,168.59350246849255,169.15367126464844,90865900,0.0,0.0,False
2022-02-11 00:00:00-05:00,169.3600667805501,170.0971412814251,165.1439922378864,165.73365783691406,98670700,0.0,0.0,False
2022-02-14 00:00:00-05:00,164.48555705147456,166.65747672658372,163.68951891129095,165.96954345703125,86185500,0.0,0.0,False
2022-02-15 00:00:00-05:00,168.02349233461683,169.9693646781473,167.3158996650025,169.81211853027344,62527400,0.0,0.0,False
2022-02-16 00:00:00-05:00,168.88837586977738,170.35268789659128,167.1193937273566,169.57630920410156,61177400,0.0,0.0,False
2022-02-17 00:00:00-05:00,168.0824845697611,168.94732353481027,165.56660575778602,165.96954345703125,69589300,0.0,0.0,False
2022-02-18 00:00:00-05:00,166.8933689298829,167.6009468216719,163.3259227044928,164.4167938232422,82772700,0.0,0.0,False
2022-02-22 00:00:00-05:00,162.1367581949425,163.81729494035432,159.35552814005308,161.48814392089844,91162800,0.0,0.0,False
2022-02-23 00:00:00-05:00,162.68708741626082,163.28657531432245,156.9968785115613,157.31137084960938,90009200,0.0,0.0,False
2022-02-24 00:00:00-05:00,149.9504420850254,160.04345337346268,149.3804359903009,159.9353485107422,141147500,0.0,0.0,False
2022-02-25 00:00:00-05:00,161.0163841306603,162.27432346013268,158.09756779697935,162.0089874267578,91974200,0.0,0.0,False
2022-02-28 00:00:00-05:00,160.24982688187194,162.56915531871957,159.63067948265063,162.27432250976562,95056600,0.0,0.0,False
2022-03-01 00:00:00-05:00,161.8616005668294,163.72886546459884,159.17865286684284,160.387451171875,83474400,0.0,0.0,False
2022-03-02 00:00:00-05:00,161.5569135885326,164.47573001503346,160.14172804891763,163.68951416015625,79724800,0.0,0.0,False
2022-03-03 00:00:00-05:00,165.5665743810418,165.998993781618,162.69689971772982,163.36517333984375,76678400,0.0,0.0,False
2022-03-04 00:00:00-05:00,161.65518372489828,162.69691327903544,159.30637359945834,160.35792541503906,83737200,0.0,0.0,False
2022-03-07 00:00:00-05:00,160.54468531235605,162.17608078588069,156.2991281758325,156.55465698242188,96418800,0.0,0.0,False
2022-03-08 00:00:00-05:00,156.08290647641851,160.0729341178279,153.1149488975309,154.7266845703125,131148300,0.0,0.0,False
2022-03-09 00:00:00-05:00,158.69707147174915,160.59381791240634,156.66275336768058,160.14173889160156,91454900,0.0,0.0,False
2022-03-10 00:00:00-05:00,157.43912578291366,157.62585374072557,153.2918516527838,155.7880859375,105342000,0.0,0.0,False
2022-03-11 00:00:00-05:00,156.1909993742422,156.5349734862068,151.83735301963387,152.06338500976562,96970100,0.0,0.0,False
2022-03-14 00:00:00-04:00,148.83992865134607,151.46391244119621,147.51320336208943,148.02423095703125,108732100,0.0,0.0,False
2022-03-15 00:00:00-04:00,148.29939820148408,152.88892907582556,147.78837062747488,152.4171905517578,92964300,0.0,0.0,False
2022-03-16 00:00:00-04:00,154.34342597712845,157.24258310394316,151.79806526213048,156.8396453857422,102300200,0.0,0.0,False
2022-03-17 00:00:00-04:00,155.87649837703879,158.22530825376825,154.91339200388822,157.8518524169922,75615400,0.0,0.0,False
2022-03-18 00:00:00-04:00,157.74377696769278,161.6453594768953,157.00670241299437,161.1539764404297,123511700,0.0,0.0,False
2022-03-21 00:00:00-04:00,160.69206357071295,163.48313041290612,160.20068056976743,162.52984619140625,95811400,0.0,0.0,False
2022-03-22 00:00:00-04:00,162.6576000843649,166.5002188572966,162.067949464373,165.9105682373047,81532000,0.0,0.0,False
2022-03-23 00:00:00-04:00,165.09488461775757,169.66474104201137,164.76073274272346,167.27662658691406,98062700,0.0,0.0,False
2022-03-24 00:00:00-04:00,168.11196337652208,171.1388847047802,167.27662120536306,171.07009887695312,90131400,0.0,0.0,False
2022-03-25 00:00:00-04:00,170.88335771841636,172.25922412685,169.7728273342969,171.70887756347656,80546200,0.0,0.0,False
2022-03-28 00:00:00-04:00,169.20282003972102,172.70146459251646,169.03575161959526,172.57371520996094,90371900,0.0,0.0,False
2022-03-29 00:00:00-04:00,173.64492571274934,175.92493501881802,173.30095161685145,175.8758087158203,100589400,0.0,0.0,False
2022-03-30 00:00:00-04:00,175.47290101025155,176.51463074136956,173.65477761444038,174.7063446044922,92633200,0.0,0.0,False
2022-03-31 00:00:00-04:00,174.77514559518622,174.9618735812638,171.39442730950734,171.60081481933594,103049300,0.0,0.0,False
2022-04-01 00:00:00-04:00,171.0307806751932,171.86613784627107,168.97680315531144,171.3059539794922,78751300,0.0,0.0,False
2022-04-04 00:00:00-04:00,171.56147679106857,175.41391791306214,171.43371240572407,175.36477661132812,76468400,0.0,0.0,False
2022-04-05 00:00:00-04:00,174.44099692209318,175.22721286513178,171.4140752886788,172.0430450439453,73401800,0.0,0.0,False
2022-04-06 00:00:00-04:00,169.38957825115511,170.6376954902334,167.19801388325018,168.86871337890625,89058800,0.0,0.0,False
2022-04-07 00:00:00-04:00,168.21024852764788,170.37233093887772,166.9228273416991,169.17335510253906,77594700,0.0,0.0,False
2022-04-08 00:00:00-04:00,168.8195531941642,168.8195531941642,166.28401495074868,167.15867614746094,76575500,0.0,0.0,False
2022-04-11 00:00:00-04:00,165.8024881311143,166.11696550956904,162.64780210837338,162.89349365234375,72246700,0.0,0.0,False
2022-04-12 00:00:00-04:00,165.12438053702303,166.9424890030797,163.76815838717138,164.7705841064453,79265200,0.0,0.0,False
2022-04-13 00:00:00-04:00,164.5052126435429,168.09230281785548,163.89590247589382,167.4633331298828,70618900,0.0,0.0,False
2022-04-14 00:00:00-04:00,167.67955149726123,168.3183584761883,162.19571471867903,162.44140625,75329400,0.0,0.0,False
2022-04-18 00:00:00-04:00,161.09502962767093,163.72885077484435,160.75107046386879,162.2252197265625,69023900,0.0,0.0,False
2022-04-19 00:00:00-04:00,162.17605691767423,164.92780484237912,161.0851860080734,164.51502990722656,67723800,0.0,0.0,False
2022-04-20 00:00:00-04:00,165.851592274227,165.9695343967265,163.23744599263426,164.34796142578125,67929800,0.0,0.0,False
2022-04-21 00:00:00-04:00,165.99903403048015,168.57387654535995,163.05073557985884,163.55194091796875,87227800,0.0,0.0,False
2022-04-22 00:00:00-04:00,163.59127092738578,164.9769598952382,158.71674389745084,159.00173950195312,84882400,0.0,0.0,False
2022-04-25 00:00:00-04:00,158.3432742820327,160.35794785043367,155.72912776950562,160.0729522705078,96046400,0.0,0.0,False
2022-04-26 00:00:00-04:00,159.45375759837563,159.54220292501202,154.01906370085135,154.09768676757812,95623200,0.0,0.0,False
2022-04-27 00:00:00-04:00,153.22302925679926,157.03615060702538,152.70216454921916,153.8716583251953,88063200,0.0,0.0,False
2022-04-28 00:00:00-04:00,156.50551186924736,161.68469376070493,156.19101949826612,160.81985473632812,130216800,0.0,0.0,False
2022-04-29 00:00:00-04:00,159.0508987786246,163.33576056460706,154.54000493624022,154.93310546875,131747600,0.0,0.0,False
2022-05-02 00:00:00-04:00,154.00928950852122,155.50308325510557,150.6285715632027,155.2377471923828,123055300,0.0,0.0,False
2022-05-03 00:00:00-04:00,155.4244258610072,157.94031923877728,153.62597740508184,156.73150634765625,88966500,0.0,0.0,False
2022-05-04 00:00:00-04:00,156.91827280667675,163.61090803537846,156.51533507735743,163.15884399414062,108256500,0.0,0.0,False
2022-05-05 00:00:00-04:00,161.0261908174234,161.25222276451103,152.27956573882278,154.06820678710938,130525300,0.0,0.0,False
2022-05-06 00:00:00-04:00,153.54660360417492,156.92245186539364,151.74549742097102,154.7965545654297,116124600,0.23,0.0,False
2022-05-09 00:00:00-04:00,152.48364388073944,153.36944186699063,149.0979741892278,149.65896606445312,131577900,0.0,0.0,False
2022-05-10 00:00:00-04:00,153.0643590542694,154.2650965784608,150.5152434800802,152.07029724121094,115366700,0.0,0.0,False
2022-05-11 00:00:00-04:00,151.07623770131187,152.9954442320576,143.5076602631258,144.186767578125,142689800,0.0,0.0,False
2022-05-12 00:00:00-04:00,140.51566592761506,143.89149901958908,136.60835102555794,140.30897521972656,182602000,0.0,0.0,False
2022-05-13 00:00:00-04:00,142.3069263815123,145.7615132406745,140.85029972421802,144.78713989257812,113990900,0.0,0.0,False
2022-05-16 00:00:00-04:00,143.25176455295096,145.19065940090803,141.90338667799685,143.24191284179688,86643800,0.0,0.0,False
2022-05-17 00:00:00-04:00,146.50950977669152,147.40514453340242,144.36392404181558,146.88351440429688,78336300,0.0,0.0,False
2022-05-18 00:00:00-04:00,144.5312355358542,145.03317719827086,137.69096444615863,138.59645080566406,109742900,0.0,0.0,False
2022-05-19 00:00:00-04:00,137.6712938917074,139.4231864175674,134.4430864271214,135.18124389648438,136095600,0.0,0.0,False
2022-05-20 00:00:00-04:00,136.89376494741566,138.47834364409812,130.51608836864122,135.41744995117188,137426100,0.0,0.0,False
2022-05-23 00:00:00-04:00,135.6142768341469,140.99790624101624,135.47648804751876,140.85028076171875,117726300,0.0,0.0,False
2022-05-24 00:00:00-04:00,138.58661405091433,139.72830130754187,135.16156729888525,138.1437225341797,104132700,0.0,0.0,False
2022-05-25 00:00:00-04:00,136.2441979580696,139.55114451962976,136.15562265268915,138.30120849609375,92482700,0.0,0.0,False
2022-05-26 00:00:00-04:00,135.22061822713323,142.06087507401406,134.97456571452705,141.5097198486328,90601500,0.0,0.0,False
2022-05-27 00:00:00-04:00,143.09428362757757,147.31653769335477,142.96633152872457,147.2771759033203,90978500,0.0,0.0,False
2022-05-31 00:00:00-04:00,146.71620151537235,148.28109191355486,144.5214022588055,146.4898223876953,103718400,0.0,0.0,False
2022-06-01 00:00:00-04:00,147.5330901211728,149.34404814498973,145.34814246607627,146.3618927001953,74286600,0.0,0.0,False
2022-06-02 00:00:00-04:00,145.49575338046964,148.88143788729292,144.54106856251593,148.8223876953125,72348100,0.0,0.0,False
2022-06-03 00:00:00-04:00,144.58044581379545,145.63355774291225,142.17898598193645,143.08445739746094,88570300,0.0,0.0,False
2022-06-06 00:00:00-04:00,144.70840485443364,146.2240967666152,142.61203260738884,143.83245849609375,71598400,0.0,0.0,False
2022-06-07 00:00:00-04:00,142.07073600128598,146.64730702547615,141.82468347271976,146.3618927001953,67808200,0.0,0.0,False
2022-06-08 00:00:00-04:00,146.23392365623158,147.50354794884595,145.13161326153673,145.62371826171875,53950200,0.0,0.0,False
2022-06-09 00:00:00-04:00,144.75760527366657,145.61386314826538,140.2794468730643,140.38771057128906,69473000,0.0,0.0,False
2022-06-10 00:00:00-04:00,138.06497716276021,138.53739375627023,134.89581977133565,134.9647216796875,91437900,0.0,0.0,False
2022-06-13 00:00:00-04:00,130.77199636565416,133.0652077917095,129.36458307542827,129.79763793945312,122207100,0.0,0.0,False
2022-06-14 00:00:00-04:00,131.02791005525017,131.7759044083777,129.40395419813282,130.6637420654297,84784300,0.0,0.0,False
2022-06-15 00:00:00-04:00,132.16956604237166,135.17140981281415,130.0732087681398,133.29156494140625,91533000,0.0,0.0,False
2022-06-16 00:00:00-04:00,129.99445602178534,130.29955871287268,127.00244927117835,128.00634765625,108123900,0.0,0.0,False
2022-06-17 00:00:00-04:00,128.0162178037558,130.97868486516475,127.76031356055556,129.48268127441406,134520300,0.0,0.0,False
2022-06-21 00:00:00-04:00,131.31328286822668,134.8958062983936,131.21487088907804,133.72459411621094,81000500,0.0,0.0,False
2022-06-22 00:00:00-04:00,132.6616897658164,135.5847953387102,131.79559497900595,133.21286010742188,73409200,0.0,0.0,False
2022-06-23 00:00:00-04:00,134.65962935518908,136.40167037101077,133.48841696582116,136.08673095703125,72433800,0.0,0.0,False
2022-06-24 00:00:00-04:00,137.69096810591373,139.66923974712645,137.56303102259437,139.42318725585938,89116800,0.0,0.0,False
2022-06-27 00:00:00-04:00,140.44675901167543,141.22429329407663,138.74407997710588,139.42318725585938,70207900,0.0,0.0,False
2022-06-28 00:00:00-04:00,139.88575256629846,141.15537668110056,135.15170553041244,135.26980590820312,67083400,0.0,0.0,False
2022-06-29 00:00:00-04:00,135.28951427489562,138.4488199898158,134.51197995876558,137.03155517578125,66242400,0.0,0.0,False
2022-06-30 00:00:00-04:00,135.0828178246583,136.18512818079344,131.65777134820112,134.56118774414062,98964500,0.0,0.0,False
2022-07-01 00:00:00-04:00,133.89191616880768,136.84454604479996,133.51792659665477,136.7362823486328,71051600,0.0,0.0,False
2022-07-05 00:00:00-04:00,135.59464839797195,139.37401209934814,134.7679003862876,139.32479858398438,73353800,0.0,0.0,False
2022-07-06 00:00:00-04:00,139.11809758016227,141.84434862551257,138.85235665974255,140.66329956054688,74064300,0.0,0.0,False
2022-07-07 00:00:00-04:00,141.0274435938611,144.23597778940012,141.0176069003368,144.0391387939453,66253700,0.0,0.0,False
2022-07-08 00:00:00-04:00,142.96638383197362,145.22023384569087,142.71049455850428,144.71827697753906,64547800,0.0,0.0,False
2022-07-11 00:00:00-04:00,143.3698906543045,144.3245757006066,141.50973407273898,142.58251953125,63141600,0.0,0.0,False
2022-07-12 00:00:00-04:00,143.45845774918337,146.10598530220875,142.75967699315206,143.556884765625,77588800,0.0,0.0,False
2022-07-13 00:00:00-04:00,140.732208499025,144.13756705664937,139.87593549444708,143.19273376464844,71185600,0.0,0.0,False
2022-07-14 00:00:00-04:00,141.80496013260634,146.59805740261146,140.98806413686148,146.12564086914062,78140700,0.0,0.0,False
2022-07-15 00:00:00-04:00,147.4149715696043,148.47792016432717,145.85991797831633,147.79881286621094,76259900,0.0,0.0,False
2022-07-18 00:00:00-04:00,148.35980548278783,149.17670150055542,144.38358908348172,144.7477569580078,81420900,0.0,0.0,False
2022-07-19 00:00:00-04:00,145.58436874350355,148.84210205255908,144.59032186321505,148.61573791503906,82982400,0.0,0.0,False
2022-07-20 00:00:00-04:00,148.73382307964516,151.29277530503674,147.99566551668846,150.62350463867188,64823400,0.0,0.0,False
2022-07-21 00:00:00-04:00,152.06043398607093,153.11354581836207,149.54085897142338,152.8970184326172,65086600,0.0,0.0,False
2022-07-22 00:00:00-04:00,152.93639744167695,153.8123437761435,150.98766576840873,151.65692138671875,66675400,0.0,0.0,False
2022-07-25 00:00:00-04:00,151.5781722761147,152.5919073451431,149.87549323073483,150.534912109375,53623900,0.0,0.0,False
2022-07-26 00:00:00-04:00,149.8558049610543,150.67270104012428,148.41886681163666,149.20623779296875,55138700,0.0,0.0,False
2022-07-27 00:00:00-04:00,150.17075457850913,154.84575179759253,149.75738820549032,154.31427001953125,78620700,0.0,0.0,False
2022-07-28 00:00:00-04:00,154.50131053527133,155.1508928612319,151.97189817076023,154.865478515625,81378700,0.0,0.0,False
2022-07-29 00:00:00-04:00,158.69404891618413,161.04631055801715,156.98151786037047,159.94398498535156,101786900,0.0,0.0,False
2022-08-01 00:00:00-04:00,158.46764232800993,161.00690586019908,158.34954193697632,158.95974731445312,67829400,0.0,0.0,False
2022-08-02 00:00:00-04:00,157.57203453166576,159.84555733737668,157.10945460814798,157.4834442138672,59907000,0.0,0.0,False
2022-08-03 00:00:00-04:00,158.30034109572696,163.95954889245084,158.21176579536746,163.50682067871094,82507500,0.0,0.0,False
2022-08-04 00:00:00-04:00,163.38873357210807,164.5501094435261,161.8336796189739,163.19189453125,55474100,0.0,0.0,False
2022-08-05 00:00:00-04:00,160.85607517425956,163.45799860304652,160.64909732753878,162.9652099609375,56697000,0.23,0.0,False
2022-08-08 00:00:00-04:00,163.97047703384425,165.3897106347166,161.8317762742878,162.4921112060547,60276900,0.0,0.0,False
2022-08-09 00:00:00-04:00,161.654383591601,163.42842563656737,160.8954849037263,162.54139709472656,63135500,0.0,0.0,False
2022-08-10 00:00:00-04:00,165.26157448955212,166.89763621928432,164.49282549147833,166.79908752441406,70170500,0.0,0.0,False
2022-08-11 00:00:00-04:00,167.6072389716485,168.52383349342222,165.76421460976547,166.0598907470703,57149200,0.0,0.0,False
2022-08-12 00:00:00-04:00,167.3707287952548,169.68682621240507,166.9567731335436,169.6178436279297,68039400,0.0,0.0,False
2022-08-15 00:00:00-04:00,169.04619612673898,170.88922057556053,168.8786498167292,170.69210815429688,54091700,0.0,0.0,False
2022-08-16 00:00:00-04:00,170.28801428832625,171.20460883381332,169.1841727217911,170.53440856933594,56377100,0.0,0.0,False
2022-08-17 00:00:00-04:00,170.27819013186064,173.60943109736726,170.08107768446573,172.0325164794922,79542000,0.0,0.0,False
2022-08-18 00:00:00-04:00,171.24400458368257,172.3774121237158,170.623086258272,171.6382293701172,62290100,0.0,0.0,False
2022-08-19 00:00:00-04:00,170.53440436112984,171.23417071896347,168.83921054651765,169.0461883544922,70346300,0.0,0.0,False
2022-08-22 00:00:00-04:00,167.242570986512,167.41011727933045,164.7293465168106,165.1531524658203,69026800,0.0,0.0,False
2022-08-23 00:00:00-04:00,164.67023889482752,166.2767345287208,164.24643288251994,164.8180694580078,54147100,0.0,0.0,False
2022-08-24 00:00:00-04:00,164.90676099384123,165.68536025466128,163.85218632044496,165.1137237548828,53841500,0.0,0.0,False
2022-08-25 00:00:00-04:00,166.34568075789667,167.68606604641604,165.92188987692106,167.57765197753906,51218200,0.0,0.0,False
2022-08-26 00:00:00-04:00,168.10990520235598,168.58297803338863,161.20099961189769,161.2601318359375,78961000,0.0,0.0,False
2022-08-29 00:00:00-04:00,158.82573564976346,160.55049548789057,157.5149314068537,159.05242919921875,73314000,0.0,0.0,False
2022-08-30 00:00:00-04:00,159.79163221679283,160.21542318351743,155.44523326516241,156.61807250976562,77906200,0.0,0.0,False
2022-08-31 00:00:00-04:00,157.99785253340468,158.26396254446672,154.87357512802876,154.95242309570312,87991100,0.0,0.0,False
2022-09-01 00:00:00-04:00,154.3808088580502,156.13513503517575,152.43922061054926,155.68177795410156,74229900,0.0,0.0,False
2022-09-02 00:00:00-04:00,157.44593542420824,158.04713803269738,152.73487827783597,153.56275939941406,76957800,0.0,0.0,False
2022-09-06 00:00:00-04:00,154.2132302306796,154.82428314179882,151.47332744773013,152.30120849609375,73714800,0.0,0.0,False
2022-09-07 00:00:00-04:00,152.58709002412297,154.41039906826313,151.3945348332942,153.7106475830078,87449600,0.0,0.0,False
2022-09-08 00:00:00-04:00,152.40962014455553,154.10481371497846,150.47788269033725,152.2322235107422,84923800,0.0,0.0,False
2022-09-09 00:00:00-04:00,153.22765992863847,155.54377193244906,152.51804327379915,155.10025024414062,68028800,0.0,0.0,False
2022-09-12 00:00:00-04:00,157.28823330445064,161.89087619174813,157.00242258515337,161.07284545898438,104956000,0.0,0.0,False
2022-09-13 00:00:00-04:00,157.59379629154282,158.22456513012241,151.15797805083207,151.62120056152344,122656600,0.0,0.0,False
2022-09-14 00:00:00-04:00,152.55747250443096,154.83416823515125,151.39449874644285,153.06997680664062,87965400,0.0,0.0,False
2022-09-15 00:00:00-04:00,152.41952410853062,153.00102614754542,149.1966971510488,150.1724090576172,90481100,0.0,0.0,False
2022-09-16 00:00:00-04:00,149.02911266156946,149.16709284731172,146.2300624042499,148.52645874023438,162278800,0.0,0.0,False
2022-09-19 00:00:00-04:00,147.15653583891242,152.3308163679246,146.94957303943247,152.25196838378906,81474200,0.0,0.0,False
2022-09-20 00:00:00-04:00,151.18751937449895,155.80002796923935,150.8721425262803,154.6370391845703,107689800,0.0,0.0,False
2022-09-21 00:00:00-04:00,155.07069875161233,156.4505157277147,151.38464998799563,151.50291442871094,101696800,0.0,0.0,False
2022-09-22 00:00:00-04:00,150.18225521296424,152.24210790592508,148.73345555804372,150.5370635986328,86652500,0.0,0.0,False
2022-09-23 00:00:00-04:00,149.00940896271652,149.28536935652284,146.41733629369975,148.26036071777344,96029900,0.0,0.0,False
2022-09-26 00:00:00-04:00,147.50149812854582,151.55222131778743,147.4817823722665,148.59548950195312,93339400,0.0,0.0,False
2022-09-27 00:00:00-04:00,150.5370586818527,152.48849721993565,147.78729002305445,149.57118225097656,84442700,0.0,0.0,False
2022-09-28 00:00:00-04:00,145.5106120290712,148.46734352386844,142.75099295951767,147.6788787841797,146691400,0.0,0.0,False
2022-09-29 00:00:00-04:00,143.99278627766984,144.60383912279514,138.65094642470712,140.42498779296875,128138200,0.0,0.0,False
2022-09-30 00:00:00-04:00,139.2423359620473,141.03609356030535,136.0096441732016,136.20675659179688,124925300,0.0,0.0,False
2022-10-03 00:00:00-04:00,136.21663934873945,141.0065454207756,135.7041349641021,140.39547729492188,114311700,0.0,0.0,False
2022-10-04 00:00:00-04:00,142.93825359464822,144.11109281535886,142.17935497441533,143.99282836914062,87830100,0.0,0.0,False
2022-10-05 00:00:00-04:00,141.99213126920887,145.2543897820645,140.94740668073746,144.28851318359375,79471000,0.0,0.0,False
2022-10-06 00:00:00-04:00,143.7070131726072,145.41205756578128,143.12552621752397,143.33248901367188,68402200,0.0,0.0,False
2022-10-07 00:00:00-04:00,140.48418039740727,141.03611631271312,137.43875017847807,138.06951904296875,85925600,0.0,0.0,False
2022-10-10 00:00:00-04:00,138.39476013183594,139.84355993945272,136.57145118339125,138.39476013183594,74899000,0.0,0.0,False
2022-10-11 00:00:00-04:00,137.8822234673554,139.31132222277216,136.22646123968164,136.97549438476562,77033700,0.0,0.0,False
2022-10-12 00:00:00-04:00,137.1233408598166,138.33559643003326,136.1673299106835,136.3447265625,70433700,0.0,0.0,False
2022-10-13 00:00:00-04:00,133.04307103462438,141.51902589270472,132.43200294708785,140.9276885986328,113224000,0.0,0.0,False
2022-10-14 00:00:00-04:00,142.22861988773633,142.43559768266257,136.19689323010235,136.3841552734375,88598000,0.0,0.0,False
2022-10-17 00:00:00-04:00,139.035378783641,140.83897177317823,138.24691403880277,140.35604858398438,85250900,0.0,0.0,False
2022-10-18 00:00:00-04:00,143.39162165141138,144.58416155365336,138.58200045824861,141.6767120361328,99136600,0.0,0.0,False
2022-10-19 00:00:00-04:00,139.6464402055219,142.8594165632396,139.4591781255194,141.78514099121094,61758300,0.0,0.0,False
2022-10-20 00:00:00-04:00,140.95725591977873,143.78585768272674,140.59258212799125,141.32191467285156,64522000,0.0,0.0,False
2022-10-21 00:00:00-04:00,140.80940185727815,145.71758686598037,140.59257368233722,145.1459503173828,86548600,0.0,0.0,False
2022-10-24 00:00:00-04:00,145.06709579621315,148.06324356402658,143.89425664068742,147.29449462890625,75981900,0.0,0.0,False
2022-10-25 00:00:00-04:00,147.92524356927564,150.29063731652494,147.20577659322453,150.14279174804688,74732300,0.0,0.0,False
2022-10-26 00:00:00-04:00,148.7827486054812,149.79789197212497,145.90484979505857,147.1959686279297,88194300,0.0,0.0,False
2022-10-27 00:00:00-04:00,145.9344355551238,146.90029708190616,142.05125865277225,142.7115936279297,109180200,0.0,0.0,False
2022-10-28 00:00:00-04:00,146.0625005524622,155.2283691682334,145.68799153888756,153.49375915527344,164762400,0.0,0.0,False
2022-10-31 00:00:00-04:00,150.9510060343384,152.01543120421692,149.7288849047636,151.12840270996094,97943200,0.0,0.0,False
2022-11-01 00:00:00-04:00,152.8433183089133,153.20797707085114,146.9791368105924,148.47720336914062,80379300,0.0,0.0,False
2022-11-02 00:00:00-04:00,146.80170816398885,149.97526767506156,142.9086815703328,142.93824768066406,93604600,0.0,0.0,False
2022-11-03 00:00:00-04:00,140.01108109963562,140.74041357111363,136.74882328898968,136.876953125,97918500,0.0,0.0,False
2022-11-04 00:00:00-04:00,140.27294531486436,140.84553006556408,132.66154945569053,136.6103973388672,140814800,0.23,0.0,False
2022-11-07 00:00:00-05:00,135.35661216497843,137.37051763373378,133.9350247453126,137.14346313476562,83374600,0.0,0.0,False
2022-11-08 00:00:00-05:00,138.61444628445304,139.62139172038218,135.73178893253106,137.71607971191406,89908500,0.0,0.0,False
2022-11-09 00:00:00-05:00,136.72886334632145,136.77822695953947,132.86886077303504,133.14527893066406,74917800,0.0,0.0,False
2022-11-10 00:00:00-05:00,139.43384265889435,144.99183654785156,137.7160881791185,144.99183654785156,118854000,0.0,0.0,False
2022-11-11 00:00:00-05:00,143.95525706239889,148.0916625737545,142.52378765132767,147.78562927246094,93979700,0.0,0.0,False
2022-11-14 00:00:00-05:00,147.06496772898868,148.35821299381362,145.54465286622803,146.3837890625,73374100,0.0,0.0,False
2022-11-15 00:00:00-05:00,150.2734222564666,151.6258979697989,146.66022247085542,148.1212921142578,89868300,0.0,0.0,False
2022-11-16 00:00:00-05:00,147.22294689122086,147.9534742124063,145.4064651591236,146.8872833251953,64218300,0.0,0.0,False
2022-11-17 00:00:00-05:00,144.5574692004244,149.5428936157141,144.28105100101916,148.79261779785156,80389400,0.0,0.0,False
2022-11-18 00:00:00-05:00,150.36226138845927,150.74727347635653,148.05218886107582,149.3553009033203,74829600,0.0,0.0,False
2022-11-21 00:00:00-05:00,148.2397789385964,148.4470850528785,145.83097890062086,146.1172637939453,58724100,0.0,0.0,False
2022-11-22 00:00:00-05:00,146.23574851822164,148.4964578361229,145.05108182314493,148.259521484375,51804100,0.0,0.0,False
2022-11-23 00:00:00-05:00,147.53884398667913,149.88841358362208,147.4302500541231,149.1381378173828,58301400,0.0,0.0,False
2022-11-25 00:00:00-05:00,146.41342757107319,146.97614571181424,145.23864273436385,146.2159881591797,35195900,0.0,0.0,False
2022-11-28 00:00:00-05:00,143.28395040385445,144.76476841756258,141.54646269068775,142.37571716308594,69246000,0.0,0.0,False
2022-11-29 00:00:00-05:00,142.44484337334484,142.95819794116494,138.55523991340186,139.36474609375,83763800,0.0,0.0,False
2022-11-30 00:00:00-05:00,139.59178750228543,146.81818743880567,138.75266623992653,146.1370086669922,111380900,0.0,0.0,False
2022-12-01 00:00:00-05:00,146.3147094607483,147.22294276953917,144.73516410236186,146.41342163085938,71250400,0.0,0.0,False
2022-12-02 00:00:00-05:00,144.0934666867535,146.1073724903674,143.78741832063093,145.9197998046875,65447400,0.0,0.0,False
2022-12-05 00:00:00-05:00,145.8803345082114,148.99004656094093,143.90591033158032,144.75491333007812,68826400,0.0,0.0,False
2022-12-06 00:00:00-05:00,145.1893107898035,145.41636538627455,140.10515873582997,141.08250427246094,64727200,0.0,0.0,False
2022-12-07 00:00:00-05:00,140.37166442833825,141.53656725602417,138.20966792700898,139.1376495361328,69721100,0.0,0.0,False
2022-12-08 00:00:00-05:00,140.5395207716393,141.68469046865562,139.2956388988772,140.8258056640625,62128300,0.0,0.0,False
2022-12-09 00:00:00-05:00,140.5197930315224,143.70849955790825,139.09820493093716,140.34210205078125,76097000,0.0,0.0,False
2022-12-12 00:00:00-05:00,140.87515496362036,142.65213964669184,139.25612782207975,142.64227294921875,70462700,0.0,0.0,False
2022-12-13 00:00:00-05:00,147.5882046530128,148.05219553159674,142.39547458111565,143.6097412109375,93886200,0.0,0.0,False
2022-12-14 00:00:00-05:00,143.49129555982842,144.78454109797417,139.35487413932952,141.378662109375,82291200,0.0,0.0,False
2022-12-15 00:00:00-05:00,139.3055040822211,139.98668286120417,134.29046466082826,134.75445556640625,98931900,0.0,0.0,False
2022-12-16 00:00:00-05:00,134.94201656134896,135.8897316869335,132.01986228619933,132.78988647460938,160156900,0.0,0.0,False
2022-12-19 00:00:00-05:00,133.38222793972224,133.47107341378072,129.64070069453433,130.67726135253906,79592600,0.0,0.0,False
2022-12-20 00:00:00-05:00,129.70981804392392,131.54603344731098,128.2289996561493,130.60818481445312,77432800,0.0,0.0,False
2022-12-21 00:00:00-05:00,131.27946507821224,135.06048935091275,131.05241050570748,133.71788024902344,85928000,0.0,0.0,False
2022-12-22 00:00:00-05:00,132.63197807082778,132.8392842174574,128.6337652569508,130.53907775878906,77852100,0.0,0.0,False
2022-12-23 00:00:00-05:00,129.24581575552057,130.72663401357696,127.98218538040545,130.17379760742188,63814900,0.0,0.0,False
2022-12-27 00:00:00-05:00,129.69994527084378,129.72956043211943,127.07395717087711,128.36720275878906,69007800,0.0,0.0,False
2022-12-28 00:00:00-05:00,128.0118001174449,129.3544092695257,124.26039839519768,124.42822265625,85438400,0.0,0.0,False
2022-12-29 00:00:00-05:00,126.35327411707951,128.81143012835383,126.09660439491776,127.95256042480469,75703700,0.0,0.0,False
2022-12-30 00:00:00-05:00,126.76789648243701,128.28819633379305,125.80042540883515,128.26844787597656,77034200,0.0,0.0,False
2023-01-03 00:00:00-05:00,128.61397753423014,129.2260441509053,122.5821116407929,123.4706039428711,112117500,0.0,0.0,False
2023-01-04 00:00:00-05:00,125.26733892869382,127.01470850998557,123.48048749262259,124.7441177368164,89113600,0.0,0.0,False
2023-01-05 00:00:00-05:00,125.50427521319664,126.1360903730334,123.16458728849297,123.42125701904297,80962700,0.0,0.0,False
2023-01-06 00:00:00-05:00,124.39861879639236,128.6238785256401,123.29293835546717,127.96244812011719,87754700,0.0,0.0,False
2023-01-09 00:00:00-05:00,128.80155656407595,131.70396238313268,128.22897177101316,128.4856414794922,70790800,0.0,0.0,False
2023-01-10 00:00:00-05:00,128.59425187274505,129.5814640429866,126.48161843097465,129.05824279785156,63896200,0.0,0.0,False
2023-01-11 00:00:00-05:00,129.57158328133335,131.8026771210122,128.7916923794983,131.78294372558594,69458900,0.0,0.0,False
2023-01-12 00:00:00-05:00,132.16795510561155,132.5430854442494,129.75915527463124,131.70396423339844,71379600,0.0,0.0,False
2023-01-13 00:00:00-05:00,130.34161256817276,133.19465493922883,129.97634891095512,133.0366973876953,57809700,0.0,0.0,False
2023-01-17 00:00:00-05:00,133.10577808532958,135.53431084706406,132.41473278986277,134.2015838623047,63646600,0.0,0.0,False
2023-01-18 00:00:00-05:00,135.0703691429246,136.83747220518643,133.3032510170013,133.48095703125,69672800,0.0,0.0,False
2023-01-19 00:00:00-05:00,132.36540678256628,134.50765533885576,132.0593734264766,133.54019165039062,58280400,0.0,0.0,False
2023-01-20 00:00:00-05:00,133.55004278165805,136.25500917828725,132.5036004355903,136.10691833496094,80223600,0.0,0.0,False
2023-01-23 00:00:00-05:00,136.35374163026458,141.48725702280552,136.1365537453342,139.30551147460938,81760300,0.0,0.0,False
2023-01-24 00:00:00-05:00,138.51573942626007,141.32930018220668,138.50587272731724,140.7073516845703,66435100,0.0,0.0,False
2023-01-25 00:00:00-05:00,139.0883015683729,140.60860145852004,137.03489874919626,140.0458984375,65799300,0.0,0.0,False
2023-01-26 00:00:00-05:00,141.33915831562229,142.4053492196724,140.08539469738815,142.1190643310547,54105100,0.0,0.0,False
2023-01-27 00:00:00-05:00,141.32927632528882,145.34722141150488,141.25029755609052,144.0638427734375,70555800,0.0,0.0,False
2023-01-30 00:00:00-05:00,143.10626796433064,143.68871946900538,141.02324989890042,141.17132568359375,64015300,0.0,0.0,False
2023-01-31 00:00:00-05:00,140.87516062877287,142.49418783542103,140.46053336332577,142.44482421875,65874500,0.0,0.0,False
2023-02-01 00:00:00-05:00,142.1289302044529,144.7351696002277,139.51282411039048,143.57025146484375,77663600,0.0,0.0,False
2023-02-02 00:00:00-05:00,146.9958815985471,149.24672407231745,146.2752209542802,148.89134216308594,118339000,0.0,0.0,False
2023-02-03 00:00:00-05:00,146.13699831650217,155.36743699431324,145.93955891955838,152.52426147460938,154357300,0.0,0.0,False
2023-02-06 00:00:00-05:00,150.61897306818702,151.14219433077403,148.8518547888618,149.78970336914062,69858300,0.0,0.0,False
2023-02-07 00:00:00-05:00,148.71364771535568,153.2449481745533,148.71364771535568,152.67236328125,83322600,0.0,0.0,False
2023-02-08 00:00:00-05:00,151.9121758883524,152.6032212233435,149.23682494273,149.97723388671875,64120100,0.0,0.0,False
2023-02-09 00:00:00-05:00,151.81347999768036,152.35644968138112,148.49644664158131,148.94068908691406,56007100,0.0,0.0,False
2023-02-10 00:00:00-05:00,147.77401547814478,149.63279778324025,147.5367173791987,149.3065185546875,57450700,0.23,0.0,False
2023-02-13 00:00:00-05:00,149.24719136406156,152.5198501850578,149.21753098880535,152.11448669433594,62199000,0.0,0.0,False
2023-02-14 00:00:00-05:00,150.40396789568928,152.03536371466862,149.158187068462,151.47178649902344,61707600,0.0,0.0,False
2023-02-15 00:00:00-05:00,151.38284602819238,153.74588507311654,151.15544476328222,153.5778045654297,65573800,0.0,0.0,False
2023-02-16 00:00:00-05:00,151.77830301928833,154.5664988468429,151.6201193880744,151.97605895996094,68167900,0.0,0.0,False
2023-02-17 00:00:00-05:00,150.63140647639398,151.2740680510971,149.1483273778538,150.8291473388672,59144100,0.0,0.0,False
2023-02-21 00:00:00-05:00,148.50563686680903,149.59323413897312,146.735835945734,146.80503845214844,58867200,0.0,0.0,False
2023-02-22 00:00:00-05:00,147.19065212608928,148.2584708875877,145.4999504020457,147.23020935058594,51011300,0.0,0.0,False
2023-02-23 00:00:00-05:00,148.39689471971093,148.64407457569817,145.57905341345287,147.7146759033203,48394200,0.0,0.0,False
2023-02-24 00:00:00-05:00,145.4505202010405,145.52961956815125,144.07620075664735,145.05503845214844,55469600,0.0,0.0,False
2023-02-27 00:00:00-05:00,146.0437659006096,147.4872879410314,145.78668917177046,146.2513885498047,44998500,0.0,0.0,False
2023-02-28 00:00:00-05:00,145.39117653628946,147.39827551462352,145.17365708267755,145.7471160888672,50547000,0.0,0.0,False
2023-03-01 00:00:00-05:00,145.17364910838256,145.56913077323014,143.37417283401166,143.67079162597656,55479000,0.0,0.0,False
2023-03-02 00:00:00-05:00,142.75131384795435,145.05503189340783,142.27671766674902,144.26405334472656,52238100,0.0,0.0,False
2023-03-03 00:00:00-05:00,146.3700174255545,149.4053933099208,145.66803508048022,149.3262939453125,70732300,0.0,0.0,False
2023-03-06 00:00:00-05:00,152.05515407809082,154.53684949594242,151.72888994336137,152.09471130371094,87558000,0.0,0.0,False
2023-03-07 00:00:00-05:00,151.96616367909397,152.29244288057856,149.42516275115915,149.88986206054688,56182000,0.0,0.0,False
2023-03-08 00:00:00-05:00,151.08621757661572,151.7387760380252,150.11727673451966,151.14553833007812,47204800,0.0,0.0,False
2023-03-09 00:00:00-05:00,151.82774843104707,152.79668921738386,148.53531102339875,148.89125061035156,53833600,0.0,0.0,False
2023-03-10 00:00:00-05:00,148.51554589298388,149.23730682187812,145.94486944980744,146.8248291015625,68572400,0.0,0.0,False
2023-03-13 00:00:00-04:00,146.1426312153812,151.41250811707283,146.03387146368914,148.7726287841797,84457100,0.0,0.0,False
2023-03-14 00:00:00-04:00,149.57347804705336,151.66955846534526,148.40679633095857,150.8686981201172,73695900,0.0,0.0,False
2023-03-15 00:00:00-04:00,149.48447760738804,151.52123700910988,148.22879983662045,151.26417541503906,77167900,0.0,0.0,False
2023-03-16 00:00:00-04:00,150.443542077547,154.69503836094123,149.92940378389787,154.0919189453125,76161100,0.0,0.0,False
2023-03-17 00:00:00-04:00,154.31934477284912,154.97190327803574,152.53964661627768,153.25152587890625,98944600,0.0,0.0,False
2023-03-20 00:00:00-04:00,153.3207323821306,156.03971087014546,152.4110972116962,155.6244354248047,73641400,0.0,0.0,False
2023-03-21 00:00:00-04:00,155.54533387337614,157.60185682514813,154.7741189081368,157.48321533203125,73938300,0.0,0.0,False
2023-03-22 00:00:00-04:00,157.50299444764113,160.31095376257457,156.02979719452793,156.04957580566406,75701800,0.0,0.0,False
2023-03-23 00:00:00-04:00,157.03831361968307,159.7276317574304,155.90127718884906,157.13717651367188,67622100,0.0,0.0,False
2023-03-24 00:00:00-04:00,157.06795670652497,158.53125712176995,156.06935559319226,158.44227600097656,59196500,0.0,0.0,False
2023-03-27 00:00:00-04:00,158.13578467553296,158.9564235953307,156.08912825748425,156.4945068359375,52390300,0.0,0.0,False
2023-03-28 00:00:00-04:00,156.18801000892674,156.7021483382564,154.2204529064242,155.87161254882812,45992200,0.0,0.0,False
2023-03-29 00:00:00-04:00,157.57217444562013,159.23323055057568,157.55241092396736,158.95639038085938,51305700,0.0,0.0,False
2023-03-30 00:00:00-04:00,159.70784921727477,160.6372479005565,159.45078759523014,160.5284881591797,49501700,0.0,0.0,False
2023-03-31 00:00:00-04:00,160.60759915912635,163.1387186836245,160.0835790272574,163.0398406982422,68749800,0.0,0.0,False
2023-04-03 00:00:00-04:00,162.41694087425697,164.4141432098461,162.36750188667764,164.29550170898438,56976200,0.0,0.0,False
2023-04-04 00:00:00-04:00,164.72065569074036,164.95793868784338,163.24745837486338,163.7615966796875,46278300,0.0,0.0,False
2023-04-05 00:00:00-04:00,162.88164511746857,163.1881457283857,159.9748075653386,161.91268920898438,51511700,0.0,0.0,False
2023-04-06 00:00:00-04:00,160.59766588857192,163.09913955417102,160.17252383849814,162.80252075195312,45390100,0.0,0.0,False
2023-04-10 00:00:00-04:00,159.59905960879362,160.20217895507812,158.27417943389275,160.20217895507812,47716900,0.0,0.0,False
2023-04-11 00:00:00-04:00,160.5186174915291,160.52849925536958,158.69936213850445,158.98609924316406,47644200,0.0,0.0,False
2023-04-12 00:00:00-04:00,159.40135205289505,160.23187277591592,157.9775936210526,158.2939910888672,50133100,0.0,0.0,False
2023-04-13 00:00:00-04:00,159.8067227797579,163.92968090167284,159.59908506589906,163.6923828125,68445600,0.0,0.0,False
2023-04-14 00:00:00-04:00,162.7333124858637,164.44380780578675,161.97200945675792,163.34632873535156,49386500,0.0,0.0,False
2023-04-17 00:00:00-04:00,163.22768401184308,163.52430285260365,162.17964384959518,163.36610412597656,41516200,0.0,0.0,False
2023-04-18 00:00:00-04:00,164.2263111895451,165.5215312907478,163.78137535549732,164.59213256835938,49923000,0.0,0.0,False
2023-04-19 00:00:00-04:00,163.92970090005386,166.26307959159772,163.67262416708968,165.7390594482422,47720200,0.0,0.0,False
2023-04-20 00:00:00-04:00,164.21641532852104,165.97633480151939,163.69239520940707,164.7700958251953,52456400,0.0,0.0,False
2023-04-21 00:00:00-04:00,163.18813815793777,164.5723392677561,162.63445771401044,163.15847778320312,58337300,0.0,0.0,False
2023-04-24 00:00:00-04:00,163.1386866366401,163.73192425907348,162.04120759579996,163.4649658203125,41949600,0.0,0.0,False
2023-04-25 00:00:00-04:00,163.3265412208214,164.43390199308925,161.88300442555024,161.9225616455078,48714100,0.0,0.0,False
2023-04-26 00:00:00-04:00,161.22058862196803,163.41554697412082,160.96352700012233,161.91268920898438,45498800,0.0,0.0,False
2023-04-27 00:00:00-04:00,163.32654598880194,166.65852525119462,163.32654598880194,166.51022338867188,64902300,0.0,0.0,False
2023-04-28 00:00:00-04:00,166.58933625125528,167.93399523157063,165.98621681699632,167.76589965820312,55209200,0.0,0.0,False
2023-05-01 00:00:00-04:00,167.370409816753,168.52720964209172,166.7376300382773,167.67691040039062,52472900,0.0,0.0,False
2023-05-02 00:00:00-04:00,168.17128153704527,168.42835824019505,165.65004401355455,166.63876342773438,48425700,0.0,0.0,False
2023-05-03 00:00:00-04:00,167.58795896994013,168.9919388807047,165.27435890938423,165.5610809326172,65136000,0.0,0.0,False
2023-05-04 00:00:00-04:00,163.0299431104764,165.15568380990734,162.45648404157697,163.91978454589844,81235400,0.0,0.0,False
2023-05-05 00:00:00-04:00,169.05122033812108,172.33377562947254,168.8337008869275,171.6120147705078,113316400,0.0,0.0,False
2023-05-08 00:00:00-04:00,170.53430297922057,171.88885869773142,170.168481660933,171.5428009033203,55962800,0.0,0.0,False
2023-05-09 00:00:00-04:00,171.09791142977792,171.58237432630546,169.6642711810136,169.8323516845703,45326900,0.0,0.0,False
2023-05-10 00:00:00-04:00,171.06824047843108,172.06684167430913,169.96086445482297,171.60214233398438,53724500,0.0,0.0,False
2023-05-11 00:00:00-04:00,171.88890179452224,172.62054461453832,170.2278450862042,171.79002380371094,49514700,0.0,0.0,False
2023-05-12 00:00:00-04:00,171.89889318697968,172.33453386665053,169.30487018579348,170.85931396484375,45497800,0.24,0.0,False
2023-05-15 00:00:00-04:00,171.44344889298378,171.49295625881442,169.7701996375863,170.3642578125,37266700,0.0,0.0,False
2023-05-16 00:00:00-04:00,170.28504904867637,171.42364292514614,170.09693012303615,170.3642578125,42110300,0.0,0.0,False
2023-05-17 00:00:00-04:00,170.00783790944186,171.21573009717264,168.7306172756303,170.97811889648438,57951600,0.0,0.0,False
2023-05-18 00:00:00-04:00,171.2850464654308,173.50284672542747,170.86921174934298,173.31472778320312,65496700,0.0,0.0,False
2023-05-19 00:00:00-04:00,174.64144781679403,174.64144781679403,173.20582466782196,173.42364501953125,55772400,0.0,0.0,False
2023-05-22 00:00:00-04:00,172.25532419255816,172.97809854709377,171.7305793150355,172.47314453125,43570900,0.0,0.0,False
2023-05-23 00:00:00-04:00,171.41374232257482,171.66126403673206,169.5820755948007,169.8592987060547,50747300,0.0,0.0,False
2023-05-24 00:00:00-04:00,169.39400082609367,170.71081850153183,168.82965902663756,170.13656616210938,45143500,0.0,0.0,False
2023-05-25 00:00:00-04:00,170.70090944955888,172.17612946392208,169.9880455752579,171.27516174316406,56058300,0.0,0.0,False
2023-05-26 00:00:00-04:00,171.60186442454003,174.02757424675536,171.39393953348073,173.69093322753906,54835000,0.0,0.0,False
2023-05-30 00:00:00-04:00,175.20580872558915,177.21568420222022,174.81967538543662,175.5424346923828,55964400,0.0,0.0,False
2023-05-31 00:00:00-04:00,175.57211342872856,177.57209321550437,175.0077566388477,175.49290466308594,99625300,0.0,0.0,False
2023-06-01 00:00:00-04:00,175.9384564736909,178.33446519527467,175.17608525533697,178.3047637939453,68901800,0.0,0.0,False
2023-06-02 00:00:00-04:00,179.2354587774889,179.97802407047664,177.4830004559296,179.15625,61945900,0.0,0.0,False
2023-06-05 00:00:00-04:00,180.81957270938136,183.11656642752385,176.2750624238164,177.7998046875,121946500,0.0,0.0,False
2023-06-06 00:00:00-04:00,178.18593224970854,178.3344392347369,175.67110318136787,177.4334716796875,64848400,0.0,0.0,False
2023-06-07 00:00:00-04:00,176.67113061333816,179.41367589423808,175.56223798316736,176.05728149414062,61944600,0.0,0.0,False
2023-06-08 00:00:00-04:00,176.1364534617516,179.04731136486936,175.70082791608735,178.77999877929688,50214900,0.0,0.0,False
2023-06-09 00:00:00-04:00,179.70079329510486,180.42355258623877,178.83942242611607,179.16615295410156,48870700,0.0,0.0,False
2023-06-12 00:00:00-04:00,179.473070311983,182.0670933538608,179.17604119777275,181.96807861328125,54274900,0.0,0.0,False
2023-06-13 00:00:00-04:00,180.98790470199526,182.32451307330234,180.63147278147434,181.4928436279297,54929100,0.0,0.0,False
2023-06-14 00:00:00-04:00,181.55225831570974,182.5621513412214,180.21564985689943,182.1265106201172,57462900,0.0,0.0,False
2023-06-15 00:00:00-04:00,182.13639531405346,184.67101539623405,181.95817181365123,184.1660614013672,65433200,0.0,0.0,False
2023-06-16 00:00:00-04:00,184.878923163322,185.13635542691418,182.4433178422068,183.0868682861328,101235600,0.0,0.0,False
2023-06-20 00:00:00-04:00,182.5819517231594,184.25520121093788,182.5819517231594,183.17599487304688,49799100,0.0,0.0,False
2023-06-21 00:00:00-04:00,183.06709801295077,183.5720521007454,180.7799992383261,182.1364288330078,49515700,0.0,0.0,False
2023-06-22 00:00:00-04:00,181.91856255456008,185.19574759818892,181.84924922371533,185.146240234375,51245300,0.0,0.0,False
2023-06-23 00:00:00-04:00,183.71064919871634,185.70071866604846,183.17599374881706,184.82943725585938,53079300,0.0,0.0,False
2023-06-26 00:00:00-04:00,184.9779592329188,186.18586660248252,183.39381396241686,183.4334259033203,48088700,0.0,0.0,False
2023-06-27 00:00:00-04:00,184.04725298888982,186.52247023555708,183.82943266258093,186.19573974609375,50730800,0.0,0.0,False
2023-06-28 00:00:00-04:00,186.0670706318246,188.0175435236622,185.74035516733124,187.37399291992188,51216800,0.0,0.0,False
2023-06-29 00:00:00-04:00,187.2056476277424,188.18583917474905,187.06703605511274,187.71058654785156,46347300,0.0,0.0,False
2023-06-30 00:00:00-04:00,189.73036510372253,192.55210381756805,189.36402266288647,192.0471649169922,85069600,0.0,0.0,False
2023-07-03 00:00:00-04:00,191.85904618822673,191.9580609253223,189.85906633761323,190.55213928222656,31458200,0.0,0.0,False
2023-07-05 00:00:00-04:00,189.6709759307026,191.06698713435688,188.7303811843197,189.433349609375,46920300,0.0,0.0,False
2023-07-06 00:00:00-04:00,187.95809689875657,190.11649423604223,187.32444187549908,189.9085693359375,45094300,0.0,0.0,False
2023-07-07 00:00:00-04:00,189.5125693591173,190.76007362639882,188.35416930217096,188.789794921875,46778000,0.0,0.0,False
2023-07-10 00:00:00-04:00,187.38387649073601,188.10665094106523,185.18588195082552,186.74032592773438,59922200,0.0,0.0,False
2023-07-11 00:00:00-04:00,187.28485666382537,187.4234682366511,184.75023641356677,186.21556091308594,46638100,0.0,0.0,False
2023-07-12 00:00:00-04:00,187.79968989475896,189.7996698114742,186.60169311695756,187.88880920410156,60750200,0.0,0.0,False
2023-07-13 00:00:00-04:00,188.61157199087162,189.29473443261006,187.89870814797314,188.6511688232422,41342300,0.0,0.0,False
2023-07-14 00:00:00-04:00,188.34425119556795,189.28483085110778,187.75020804300397,188.79969787597656,41573900,0.0,0.0,False
2023-07-17 00:00:00-04:00,189.99769273438966,192.39371661286773,189.90858852856573,192.06698608398438,50520200,0.0,0.0,False
2023-07-18 00:00:00-04:00,191.43333225746687,192.4036133115075,190.51254346863507,191.80955505371094,48353800,0.0,0.0,False
2023-07-19 00:00:00-04:00,191.1857808476927,196.26491622319193,190.74022966968735,193.16595458984375,80507300,0.0,0.0,False
2023-07-20 00:00:00-04:00,193.1560618639693,194.52238670645607,190.5917402572243,191.2154998779297,59581200,0.0,0.0,False
2023-07-21 00:00:00-04:00,192.17588392818155,193.03725474426253,189.33432409540026,190.03729248046875,71917800,0.0,0.0,False
2023-07-24 00:00:00-04:00,191.4927249435582,192.9778554020486,190.34422042985216,190.83926391601562,45377800,0.0,0.0,False
2023-07-25 00:00:00-04:00,191.4135192381226,192.51251639930572,191.00757994716116,191.7006378173828,37283200,0.0,0.0,False
2023-07-26 00:00:00-04:00,191.75014067908202,193.70061320853526,191.40361930588426,192.57191467285156,47471900,0.0,0.0,False
2023-07-27 00:00:00-04:00,194.07685782549473,195.24515323301043,190.6412547294524,191.3046112060547,47460200,0.0,0.0,False
2023-07-28 00:00:00-04:00,192.74022840055838,194.68080550669023,192.21548351570434,193.88873291015625,48291400,0.0,0.0,False
2023-07-31 00:00:00-04:00,194.11644542830032,194.54219067365466,193.32437284504627,194.50257873535156,38824100,0.0,0.0,False
2023-08-01 00:00:00-04:00,194.29468863259882,194.77982161953312,193.3441984148306,193.67092895507812,35175100,0.0,0.0,False
2023-08-02 00:00:00-04:00,193.1065805270162,193.24519211613384,189.9482153815842,190.6709747314453,50389300,0.0,0.0,False
2023-08-03 00:00:00-04:00,189.67097673188036,190.46303425792703,188.79969532419432,189.27493286132812,61235200,0.0,0.0,False
2023-08-04 00:00:00-04:00,183.6809651573304,185.5225277890391,180.11664551288445,180.1859588623047,115799700,0.0,0.0,False
2023-08-07 00:00:00-04:00,180.32455640774955,181.31464344213896,175.5919415919706,177.0770721435547,97576100,0.0,0.0,False
2023-08-08 00:00:00-04:00,177.90874423926195,178.48299654054432,175.81965996172053,178.0176544189453,67823000,0.0,0.0,False
2023-08-09 00:00:00-04:00,179.0770095774785,179.13641237321562,175.25527360727992,176.423583984375,60378500,0.0,0.0,False
2023-08-10 00:00:00-04:00,177.700821310071,178.95823610645982,175.83946791027196,176.20579528808594,54686900,0.0,0.0,False
2023-08-11 00:00:00-04:00,175.7993186650753,177.08815781935616,175.03591791571532,176.26527404785156,51988100,0.24,0.0,False
2023-08-14 00:00:00-04:00,176.44373225185288,178.14898275911253,175.78938877461678,177.92095947265625,43675600,0.0,0.0,False
2023-08-15 00:00:00-04:00,177.34593637648265,177.94078172124355,175.53162857549793,175.92819213867188,43622600,0.0,0.0,False
2023-08-16 00:00:00-04:00,175.61093536777827,177.00883168990967,174.98633341606396,175.0557403564453,46964900,0.0,0.0,False
2023-08-17 00:00:00-04:00,175.62083731111454,175.9876593304517,171.9922220355352,172.5077667236328,66062900,0.0,0.0,False
2023-08-18 00:00:00-04:00,170.82235510894964,173.59834528388794,170.48527458580276,172.9935760498047,61114200,0.0,0.0,False
2023-08-21 00:00:00-04:00,173.56859991663836,174.61950689363672,172.25000423465377,174.3319854736328,46311900,0.0,0.0,False
2023-08-22 00:00:00-04:00,175.5415427319188,176.15622081199353,174.73849165880682,175.7100830078125,42084200,0.0,0.0,False
2023-08-23 00:00:00-04:00,176.9890180826326,179.99303161559698,176.80064510070915,179.56671142578125,52722800,0.0,0.0,False
2023-08-24 00:00:00-04:00,179.12058855477642,179.54690878007156,174.5005486639036,174.8673858642578,54945800,0.0,0.0,False
2023-08-25 00:00:00-04:00,175.85879974601767,177.6136093916348,174.31218067560857,177.0782470703125,51449600,0.0,0.0,False
2023-08-28 00:00:00-04:00,178.5455506421133,179.04126265908485,177.0187642861302,178.6446990966797,43820700,0.0,0.0,False
2023-08-29 00:00:00-04:00,178.15890766159964,183.314309953617,177.96062586727805,182.54100036621094,53003900,0.0,0.0,False
2023-08-30 00:00:00-04:00,183.35395983897268,186.23900735465395,183.1556780614674,186.04071044921875,60813900,0.0,0.0,False
2023-08-31 00:00:00-04:00,186.22907807070516,187.49809956371718,185.8721648302999,186.25881958007812,60794500,0.0,0.0,False
2023-09-01 00:00:00-04:00,187.86493132785435,188.2912363685708,186.66530168187228,187.83518981933594,45732600,0.0,0.0,False
2023-09-05 00:00:00-04:00,186.66529992482816,188.350717612699,186.00104769428793,188.0731201171875,45280000,0.0,0.0,False
2023-09-06 00:00:00-04:00,186.78426205503195,187.2304149251444,179.91370149278592,181.3413543701172,81755800,0.0,0.0,False
2023-09-07 00:00:00-04:00,173.6776376395152,176.68166607969957,172.0517029915355,176.0372314453125,112488800,0.0,0.0,False
2023-09-08 00:00:00-04:00,176.82045661878996,178.6942471635063,176.265246533602,176.6519012451172,65551300,0.0,0.0,False
2023-09-11 00:00:00-04:00,178.52571023294755,178.75373349578624,175.8191120741523,177.82179260253906,58953100,0.0,0.0,False
2023-09-12 00:00:00-04:00,177.95070042200115,178.58521118121962,173.32075212571604,174.78805541992188,90370200,0.0,0.0,False
2023-09-13 00:00:00-04:00,174.99622042167854,175.77945374423584,172.48791926125182,172.71595764160156,84267900,0.0,0.0,False
2023-09-14 00:00:00-04:00,172.50778112260195,174.58977763559852,172.09138484558866,174.2328643798828,60895800,0.0,0.0,False
2023-09-15 00:00:00-04:00,174.96648860625493,174.9863213204115,172.329312484714,173.50909423828125,109205100,0.0,0.0,False
2023-09-18 00:00:00-04:00,174.9664984209427,177.84163701778533,174.65915940995401,176.4437255859375,67257600,0.0,0.0,False
2023-09-19 00:00:00-04:00,175.99756128904903,178.08946616062798,175.6109066032087,177.53427124023438,51826900,0.0,0.0,False
2023-09-20 00:00:00-04:00,177.72264255589144,178.158871491594,173.8957457034938,173.9849853515625,58436200,0.0,0.0,False
2023-09-21 00:00:00-04:00,173.05304760725463,174.78803946069445,172.36896268457267,172.4383544921875,63047900,0.0,0.0,False
2023-09-22 00:00:00-04:00,173.17200382635897,175.56133895987557,172.5573258740407,173.2909698486328,56725400,0.0,0.0,False
2023-09-25 00:00:00-04:00,172.70604916227998,175.4522977411563,172.65647493916612,174.56993103027344,46172700,0.0,0.0,False
2023-09-26 00:00:00-04:00,173.3207639858642,173.6974948472255,170.18786027937264,170.48529052734375,64588900,0.0,0.0,False
2023-09-27 00:00:00-04:00,171.1395892983555,171.55598552227247,167.60021383109716,168.96836853027344,66921800,0.0,0.0,False
2023-09-28 00:00:00-04:00,167.88773731405627,170.55467030699108,166.18248681585104,169.22616577148438,56294400,0.0,0.0,False
2023-09-29 00:00:00-04:00,170.54475018871184,171.58574835004075,168.87915010499984,169.74169921875,51814200,0.0,0.0,False
2023-10-02 00:00:00-04:00,169.75163176575097,172.80521973991003,169.46411031162458,172.2599334716797,52164500,0.0,0.0,False
2023-10-03 00:00:00-04:00,170.78267952738358,172.14094058886474,169.35504178574476,170.92147827148438,49594600,0.0,0.0,False
2023-10-04 00:00:00-04:00,169.62271803074952,172.71597100628938,169.50375199905025,172.17068481445312,53020300,0.0,0.0,False
2023-10-05 00:00:00-04:00,172.29956799243436,173.94533544106068,171.19908676207933,173.40997314453125,48527900,0.0,0.0,False
2023-10-06 00:00:00-04:00,172.30947784007347,176.46354642551725,171.69478473153458,175.96783447265625,57224100,0.0,0.0,False
2023-10-09 00:00:00-04:00,175.29367439346143,177.51446959158443,174.2923416030924,177.45498657226562,42390800,0.0,0.0,False
2023-10-10 00:00:00-04:00,176.57261638357625,178.17871838563994,176.42389371024447,176.86012268066406,43698000,0.0,0.0,False
2023-10-11 00:00:00-04:00,176.6717569025772,178.30761560829964,176.07691156880261,178.25804138183594,47551100,0.0,0.0,False
2023-10-12 00:00:00-04:00,178.52572180730996,180.77624333047942,177.50454119898205,179.1602325439453,56743100,0.0,0.0,False
2023-10-13 00:00:00-04:00,179.86414450043375,180.36976530628638,176.61227491408687,177.31619262695312,51427100,0.0,0.0,False
2023-10-16 00:00:00-04:00,175.23418002024147,177.5441995976702,174.99623283045386,177.18728637695312,52517000,0.0,0.0,False
2023-10-17 00:00:00-04:00,175.135025356181,176.88984988971393,173.30090022346374,175.6307373046875,57549400,0.0,0.0,False
2023-10-18 00:00:00-04:00,174.07422069011992,176.05706860986896,173.60825021874456,174.3319854736328,54764400,0.0,0.0,False
2023-10-19 00:00:00-04:00,174.53028914557814,176.31485552292168,173.68758775067354,173.9552764892578,59302900,0.0,0.0,False
2023-10-20 00:00:00-04:00,173.80653768363138,173.91559492791032,171.15943743932888,171.3973846435547,64189300,0.0,0.0,False
2023-10-23 00:00:00-04:00,169.4442697526279,172.51767489960218,168.4726633962427,171.51634216308594,55980100,0.0,0.0,False
2023-10-24 00:00:00-04:00,171.56592094062157,172.18059896074934,169.97963653831403,171.95257568359375,43816600,0.0,0.0,False
2023-10-25 00:00:00-04:00,170.40595412753765,171.57582713235345,169.1864917714858,169.6326446533203,57157000,0.0,0.0,False
2023-10-26 00:00:00-04:00,168.90890687614655,169.91025482669738,164.24921696829185,165.45875549316406,70625300,0.0,0.0,False
2023-10-27 00:00:00-04:00,165.47859589177074,167.5110182699133,165.39928015046561,166.77735900878906,58499100,0.0,0.0,False
2023-10-30 00:00:00-04:00,167.5704619394744,169.70201714769797,167.4217392864812,168.82955932617188,51131000,0.0,0.0,False
2023-10-31 00:00:00-04:00,167.89766069037708,169.43435579022267,166.4600837859852,169.30548095703125,44846000,0.0,0.0,False
2023-11-01 00:00:00-04:00,169.5334969755198,172.73579212701503,168.66103905073186,172.47802734375,56934900,0.0,0.0,False
2023-11-02 00:00:00-04:00,174.0147276321476,176.25534020612366,173.95524461845602,176.04714965820312,77334800,0.0,0.0,False
2023-11-03 00:00:00-04:00,172.74570493436423,175.3035803991637,171.86333827281126,175.13502502441406,79763700,0.0,0.0,False
2023-11-06 00:00:00-05:00,174.86736758526175,177.8911986418375,174.69882732290304,177.6929168701172,63841300,0.0,0.0,False
2023-11-07 00:00:00-05:00,177.64332285545842,180.87537437336846,177.4351323131202,180.2606964111328,70530000,0.0,0.0,False
2023-11-08 00:00:00-05:00,180.7861861177323,181.87674352341537,180.03269413889697,181.32154846191406,49340300,0.0,0.0,False
2023-11-09 00:00:00-05:00,181.39094357988108,182.54098393459674,180.2507968912838,180.8456573486328,53763500,0.0,0.0,False
2023-11-10 00:00:00-05:00,182.63256439705196,185.2136688107188,182.19576071339824,185.04489135742188,66133400,0.24,0.0,False
2023-11-13 00:00:00-05:00,184.46910132249658,184.67756614585693,182.8708053693486,183.45651245117188,43627500,0.0,0.0,False
2023-11-14 00:00:00-05:00,186.33543591459554,186.74245888927783,184.94561983989882,186.07733154296875,60108400,0.0,0.0,False
2023-11-15 00:00:00-05:00,186.4843631662735,188.12236184083608,186.414864785386,186.6431884765625,53790500,0.0,0.0,False
2023-11-16 00:00:00-05:00,188.191859451107,189.57175373642215,187.2785343944212,188.33084106445312,54412900,0.0,0.0,False
2023-11-17 00:00:00-05:00,188.8669158544037,188.99597562451044,187.19913643084107,188.3109893798828,50922700,0.0,0.0,False
2023-11-20 00:00:00-05:00,188.50951003765908,190.51482899547432,188.49958819031184,190.05816650390625,46505100,0.0,0.0,False
2023-11-21 00:00:00-05:00,190.01848054916417,190.12768147094766,188.36062302598555,189.2540740966797,38134500,0.0,0.0,False
2023-11-22 00:00:00-05:00,190.09788874466753,191.52740733771327,189.4426832554431,189.919189453125,39617700,0.0,0.0,False
2023-11-24 00:00:00-05:00,189.48239453680722,189.51217522879531,187.87417657801197,188.5889434814453,24048300,0.0,0.0,False
2023-11-27 00:00:00-05:00,188.5393075690696,189.28385517880056,187.52671857843467,188.41024780273438,40552600,0.0,0.0,False
2023-11-28 00:00:00-05:00,188.4003202806091,189.690872461515,188.02307798905798,189.01580810546875,38415400,0.0,0.0,False
2023-11-29 00:00:00-05:00,189.5121772909601,190.69352857887446,187.5962153955331,187.99330139160156,43014200,0.0,0.0,False
2023-11-30 00:00:00-05:00,188.45989087281944,188.93641225844013,186.82189215984647,188.569091796875,48794400,0.0,0.0,False
2023-12-01 00:00:00-05:00,188.94631294335792,190.1673666680402,187.85430382511626,189.84970092773438,45679300,0.0,0.0,False
2023-12-04 00:00:00-05:00,188.59886103241988,188.66835941071503,186.08725507958516,188.0528564453125,43389500,0.0,0.0,False
2023-12-05 00:00:00-05:00,188.82721483361496,192.98674157750665,188.79741899208386,192.0138702392578,66628400,0.0,0.0,False
2023-12-06 00:00:00-05:00,193.03636454966008,193.3441084564195,190.71337975554792,190.92185974121094,41089700,0.0,0.0,False
2023-12-07 00:00:00-05:00,192.22233461466143,193.5823700079149,192.18261692775607,192.85768127441406,47477700,0.0,0.0,False
2023-12-08 00:00:00-05:00,192.78816888710017,194.56516412443645,192.26202318278135,194.28720092773438,53377300,0.0,0.0,False
2023-12-11 00:00:00-05:00,191.70612101402028,192.08336332058192,190.02840462687192,191.77560424804688,60943700,0.0,0.0,False
2023-12-12 00:00:00-05:00,191.6763396332624,193.30441647720014,190.32622602015354,193.29449462890625,52696900,0.0,0.0,False
2023-12-13 00:00:00-05:00,193.67171305530522,196.56056130389416,193.43346752411227,196.52085876464844,70404200,0.0,0.0,False
2023-12-14 00:00:00-05:00,196.58041195784497,198.16877097511053,194.733933428728,196.6697540283203,66831600,0.0,0.0,False
2023-12-15 00:00:00-05:00,196.09397982207716,196.95765018105735,195.56783406915136,196.13369750976562,128256700,0.0,0.0,False
2023-12-18 00:00:00-05:00,194.6644701434888,195.2005529586929,192.97683175624098,194.46592712402344,55751900,0.0,0.0,False
2023-12-19 00:00:00-05:00,194.73394198979324,195.5181921115413,194.46590061872467,195.50827026367188,40714100,0.0,0.0,False
2023-12-20 00:00:00-05:00,195.46856356116558,196.24289187855894,193.4136199951172,193.4136199951172,52242800,0.0,0.0,False
2023-12-21 00:00:00-05:00,194.67436895686498,195.64724016492798,192.09326476649224,193.26467895507812,46482500,0.0,0.0,False
2023-12-22 00:00:00-05:00,193.76106624785666,193.9894050921648,191.56714106698067,192.19256591796875,37122800,0.0,0.0,False
2023-12-26 00:00:00-05:00,192.20248713561688,192.48045036895266,191.42815882163003,191.6465606689453,28919300,0.0,0.0,False
2023-12-27 00:00:00-05:00,191.09062871652011,192.09328069742187,189.7007974418798,191.74581909179688,48087700,0.0,0.0,False
2023-12-28 00:00:00-05:00,192.72861011674675,193.24483398097485,191.7656607623355,192.1726837158203,34049900,0.0,0.0,False
2023-12-29 00:00:00-05:00,192.4903607097449,192.98672576072192,190.33613820624774,191.1303253173828,42628800,0.0,0.0,False
