Date,Open,High,Low,Close,Volume,Dividends,Stock Splits,Capital Gains,Repaired?
2023-07-17 00:00:00-04:00,437.48558793783974,440.2129815488396,437.4368664323528,439.1512451171875,52680200,0.0,0.0,0.0,False
2023-07-18 00:00:00-04:00,438.82006498331174,443.06701072204413,438.3817200644821,442.4143981933594,80744400,0.0,0.0,0.0,False
2023-07-19 00:00:00-04:00,443.2130865430364,444.5962539348327,442.33639682202084,443.3981628417969,65891700,0.0,0.0,0.0,False
2023-07-20 00:00:00-04:00,442.3949081213455,443.30078920594343,439.7356771643042,440.45648193359375,70591600,0.0,0.0,0.0,False
2023-07-21 00:00:00-04:00,442.1903313140933,442.3949081213455,440.4467614139815,440.45648193359375,71245400,0.0,0.0,0.0,False
2023-07-24 00:00:00-04:00,441.61563576284726,443.242351358419,440.5733701302625,442.42413330078125,54023400,0.0,0.0,0.0,False
2023-07-25 00:00:00-04:00,442.15137725366066,444.89824144117244,442.10265575154136,443.6319580078125,55191200,0.0,0.0,0.0,False
2023-07-26 00:00:00-04:00,442.687120179267,445.1417743398263,441.6253837862583,443.7001647949219,71052900,0.0,0.0,0.0,False
2023-07-27 00:00:00-04:00,447.1191203814564,447.5282442515531,439.8427915613847,440.7584228515625,92194400,0.0,0.0,0.0,False
2023-07-28 00:00:00-04:00,444.06056379051773,445.9112972112307,440.758440863608,445.0736083984375,80011800,0.0,0.0,0.0,False
2023-07-31 00:00:00-04:00,445.55086790076825,446.2814228695057,444.2261127664183,445.9210205078125,62040400,0.0,0.0,0.0,False
2023-08-01 00:00:00-04:00,444.44044272200057,445.39504531941805,443.6806666877654,444.64501953125,55291500,0.0,0.0,0.0,False
2023-08-02 00:00:00-04:00,441.4987599543318,441.7617490657216,437.6998797135655,438.45965576171875,93933400,0.0,0.0,0.0,False
2023-08-03 00:00:00-04:00,436.42378673872713,439.1024881730683,435.7711445823999,437.2030334472656,64276100,0.0,0.0,0.0,False
2023-08-04 00:00:00-04:00,439.03430756147105,441.15778016598955,434.6996695985168,435.2256774902344,100052300,0.0,0.0,0.0,False
2023-08-07 00:00:00-04:00,437.0763896774146,439.1803914164071,436.37505576441714,439.0245361328125,58357500,0.0,0.0,0.0,False
2023-08-08 00:00:00-04:00,436.4627752538802,439.01487241076063,433.7256315080444,437.11541748046875,71361300,0.0,0.0,0.0,False
2023-08-09 00:00:00-04:00,437.3881355250402,437.5537410667036,433.42365003419826,434.19317626953125,78789600,0.0,0.0,0.0,False
2023-08-10 00:00:00-04:00,436.56994615352147,439.98895319524496,433.1704396040718,434.34906005859375,93005500,0.0,0.0,0.0,False
2023-08-11 00:00:00-04:00,432.4593585380865,435.11858955978454,431.8554378003375,434.0957946777344,68664600,0.0,0.0,0.0,False
2023-08-14 00:00:00-04:00,433.17044035569324,436.49200439453125,432.8587297423723,436.49200439453125,47867400,0.0,0.0,0.0,False
2023-08-15 00:00:00-04:00,434.6996914970112,435.06012359694716,430.83261921259293,431.4073486328125,75707500,0.0,0.0,0.0,False
2023-08-16 00:00:00-04:00,430.9885025432477,432.6639099581544,428.1344746533026,428.24163818359375,80107200,0.0,0.0,0.0,False
2023-08-17 00:00:00-04:00,429.72221773216245,429.9852068444013,424.45247715658354,424.9784851074219,95711300,0.0,0.0,0.0,False
2023-08-18 00:00:00-04:00,422.1341595983843,426.2252795266079,421.7835074638071,425.1830139160156,98758400,0.0,0.0,0.0,False
2023-08-21 00:00:00-04:00,426.2057717615397,428.6993970971765,424.0336072701389,427.9493713378906,68719000,0.0,0.0,0.0,False
2023-08-22 00:00:00-04:00,429.7416631589512,429.7416631589512,426.22527271805467,426.79022216796875,65062900,0.0,0.0,0.0,False
2023-08-23 00:00:00-04:00,427.8616749592398,432.16709180279753,427.7155699170463,431.5436706542969,68441000,0.0,0.0,0.0,False
2023-08-24 00:00:00-04:00,433.1606876122368,433.6769453072907,425.5336765078008,425.56292724609375,88517300,0.0,0.0,0.0,False
2023-08-25 00:00:00-04:00,427.30648638229246,429.8585537812075,423.7219036193333,428.56304931640625,102325100,0.0,0.0,0.0,False
2023-08-28 00:00:00-04:00,430.77416354640883,431.90409213335346,428.56302787298,431.28070068359375,61595400,0.0,0.0,0.0,False
2023-08-29 00:00:00-04:00,431.17357383673067,437.79729062774317,430.9884975172267,437.5148010253906,83081900,0.0,0.0,0.0,False
2023-08-30 00:00:00-04:00,437.85569304703046,439.959694915532,437.1446088455522,439.3168029785156,69053900,0.0,0.0,0.0,False
2023-08-31 00:00:00-04:00,439.9402336917453,441.089633139444,438.4888738760301,438.6739501953125,66084600,0.0,0.0,0.0,False
2023-09-01 00:00:00-04:00,441.4208022646098,441.9078389055889,438.02126629665247,439.49212646484375,58875700,0.0,0.0,0.0,False
2023-09-05 00:00:00-04:00,439.0440713226715,439.3655024336204,437.52451934546986,437.5926818847656,55166200,0.0,0.0,0.0,False
2023-09-06 00:00:00-04:00,436.7745043608563,436.8816678920111,432.3035110450911,434.6510314941406,70758500,0.0,0.0,0.0,False
2023-09-07 00:00:00-04:00,431.6216205062252,433.998361817896,431.2709683748438,433.3165283203125,70355400,0.0,0.0,0.0,False
2023-09-08 00:00:00-04:00,433.3652564848769,435.5179504091258,433.0048540774644,433.96917724609375,61659700,0.0,0.0,0.0,False
2023-09-11 00:00:00-04:00,436.61863486064624,437.13489255414964,434.8945357090652,436.8232116699219,60180100,0.0,0.0,0.0,False
2023-09-12 00:00:00-04:00,435.36207268757624,436.90109541972345,433.8425207199116,434.42694091796875,67565400,0.0,0.0,0.0,False
2023-09-13 00:00:00-04:00,434.650982103864,436.1023417850181,433.54052429112454,434.9334716796875,60199300,0.0,0.0,0.0,False
2023-09-14 00:00:00-04:00,437.42712158053337,439.3849887784533,436.1121166273065,438.68365478515625,83430800,0.0,0.0,0.0,False
2023-09-15 00:00:00-04:00,437.0835139914859,437.41586356710224,432.9584236346242,433.3982849121094,111761400,1.583,0.0,0.0,False
2023-09-18 00:00:00-04:00,433.0854632297016,434.9622941238854,432.6064932410341,433.6524353027344,55752200,0.0,0.0,0.0,False
2023-09-19 00:00:00-04:00,432.7237581931341,433.32005430730095,430.04539257632695,432.7530822753906,66514600,0.0,0.0,0.0,False
2023-09-20 00:00:00-04:00,434.0238779369196,434.44419974165896,428.5693597886313,428.774658203125,82562600,0.0,0.0,0.0,False
2023-09-21 00:00:00-04:00,425.9008067661384,426.1647235334535,421.53133907551444,421.687744140625,103976100,0.0,0.0,0.0,False
2023-09-22 00:00:00-04:00,422.7239056596787,424.3367900267685,420.3192113205974,420.73956298828125,100829700,0.0,0.0,0.0,False
2023-09-25 00:00:00-04:00,419.51767406424574,422.54792899068275,419.0777829523611,422.50885009765625,70874500,0.0,0.0,0.0,False
2023-09-26 00:00:00-04:00,419.43940127087836,420.1529936958705,415.4609318360092,416.3016052246094,96168400,0.0,0.0,0.0,False
2023-09-27 00:00:00-04:00,417.48439133556235,418.0513633643946,412.7923592127114,416.4677734375,104705800,0.0,0.0,0.0,False
2023-09-28 00:00:00-04:00,415.9106261692443,420.5733343253754,415.3143300435596,418.8822326660156,92258300,0.0,0.0,0.0,False
2023-09-29 00:00:00-04:00,421.96142773266575,422.13737223678123,416.33096495125204,417.86566162109375,115078500,0.0,0.0,0.0,False
2023-10-02 00:00:00-04:00,417.0249791415545,418.9604581386107,414.91355564418797,417.699462890625,83798600,0.0,0.0,0.0,False
2023-10-03 00:00:00-04:00,415.5001128606303,417.758157023375,410.7298625636954,412.108154296875,103760600,0.0,0.0,0.0,False
2023-10-04 00:00:00-04:00,412.5773245188018,415.86174118597603,411.10127604748675,415.10906982421875,87453000,0.0,0.0,0.0,False
2023-10-05 00:00:00-04:00,414.8158321329541,415.8031260717147,411.6976049113953,414.95269775390625,70142700,0.0,0.0,0.0,False
2023-10-06 00:00:00-04:00,412.4795213211446,421.4335083697894,411.1403386102527,419.8792724609375,113202700,0.0,0.0,0.0,False
2023-10-09 00:00:00-04:00,417.9633542177549,423.14417067329146,417.40619666732874,422.56744384765625,80374400,0.0,0.0,0.0,False
2023-10-10 00:00:00-04:00,423.202855460451,427.38659384117693,422.80207308974036,424.7668762207031,78607300,0.0,0.0,0.0,False
2023-10-11 00:00:00-04:00,425.84216728820184,426.7609985887564,423.4374729231584,426.5068664550781,62451700,0.0,0.0,0.0,False
2023-10-12 00:00:00-04:00,427.1226911247353,427.50390423107496,421.53133685909927,423.90667724609375,81154200,0.0,0.0,0.0,False
2023-10-13 00:00:00-04:00,425.421808672348,426.6339404741097,420.21169729555845,421.7952575683594,95143100,0.0,0.0,0.0,False
2023-10-16 00:00:00-04:00,424.06305214240336,427.3083898752736,423.8186748401911,426.2331237792969,75433200,0.0,0.0,0.0,False
2023-10-17 00:00:00-04:00,423.07576574877464,428.28590662920664,422.72387674637235,426.21356201171875,75324700,0.0,0.0,0.0,False
2023-10-18 00:00:00-04:00,424.4247382272408,425.3924628264014,419.4394351496232,420.53424072265625,93559800,0.0,0.0,0.0,False
2023-10-19 00:00:00-04:00,421.257593993877,423.0855313915635,416.15499486963773,416.8392333984375,121323000,0.0,0.0,0.0,False
2023-10-20 00:00:00-04:00,416.3993486036533,416.9467513282041,411.60953001701756,411.7170715332031,123845800,0.0,0.0,0.0,False
2023-10-23 00:00:00-04:00,410.172620735965,414.9037915113143,408.4033314720022,411.0035095214844,92035100,0.0,0.0,0.0,False
2023-10-24 00:00:00-04:00,413.1442641159414,415.26547224008635,411.2772179339079,414.10223388671875,78564200,0.0,0.0,0.0,False
2023-10-25 00:00:00-04:00,412.4013515290574,412.43067561044523,407.6408568882158,408.158935546875,94223200,0.0,0.0,0.0,False
2023-10-26 00:00:00-04:00,407.0836716126926,407.9438545518795,402.34274656985315,403.2713623046875,115156800,0.0,0.0,0.0,False
2023-10-27 00:00:00-04:00,404.8745175933437,405.2752999249537,400.00651128267856,401.4434509277344,107367700,0.0,0.0,0.0,False
2023-10-30 00:00:00-04:00,404.2587298918982,407.3085540305697,402.9488710544542,406.2430725097656,86562700,0.0,0.0,0.0,False
2023-10-31 00:00:00-04:00,406.8197848189247,409.11693747926455,404.8940904395608,408.79437255859375,79665200,0.0,0.0,0.0,False
2023-11-01 00:00:00-04:00,409.77184889991,413.9751263256312,409.23420096699374,413.1540222167969,98068100,0.0,0.0,0.0,False
2023-11-02 00:00:00-04:00,416.9858880255394,421.2283044757911,416.96634857952904,421.0718994140625,94938900,0.0,0.0,0.0,False
2023-11-03 00:00:00-04:00,423.39829449911633,426.4774421150128,423.27121354654247,424.9134216308594,100110800,0.0,0.0,0.0,False
2023-11-06 00:00:00-05:00,425.67593799092367,426.3406370959797,423.92618814768423,425.8909912109375,67831700,0.0,0.0,0.0,False
2023-11-07 00:00:00-05:00,425.89095608370366,427.7482174681573,424.73750246749904,427.1030578613281,64256100,0.0,0.0,0.0,False
2023-11-08 00:00:00-05:00,427.7091649178737,428.2370282711835,425.089447259724,427.4159240722656,61746000,0.0,0.0,0.0,False
2023-11-09 00:00:00-05:00,428.5693441386772,428.6084528587547,423.6524741391931,424.08258056640625,83174400,0.0,0.0,0.0,False
2023-11-10 00:00:00-05:00,426.17447481256386,431.0131274885478,424.072806152516,430.7003173828125,89462200,0.0,0.0,0.0,False
2023-11-13 00:00:00-05:00,429.351394403823,431.40413994370897,428.5596143055894,430.289794921875,52236100,0.0,0.0,0.0,False
2023-11-14 00:00:00-05:00,436.2818946614164,439.9377693672147,436.0570568157868,438.6376953125,97176900,0.0,0.0,0.0,False
2023-11-15 00:00:00-05:00,439.98669757275985,441.2281534781896,438.7061627737288,439.5663757324219,77327600,0.0,0.0,0.0,False
2023-11-16 00:00:00-05:00,439.1166795607035,440.4265382956643,438.0414134853736,440.1039733886719,66665800,0.0,0.0,0.0,False
2023-11-17 00:00:00-05:00,440.11371924516214,441.2672027377204,439.185103432199,440.6513671875,83133200,0.0,0.0,0.0,False
2023-11-20 00:00:00-05:00,440.39724520370754,444.89379376073475,440.38746056512997,444.0433654785156,69936200,0.0,0.0,0.0,False
2023-11-21 00:00:00-05:00,442.987650302752,443.91629605533006,441.79508778264886,443.07562255859375,49244600,0.0,0.0,0.0,False
2023-11-22 00:00:00-05:00,444.7471759906997,446.1156829950313,443.68169447192673,444.7862548828125,59394900,0.0,0.0,0.0,False
2023-11-24 00:00:00-05:00,444.8351589966796,445.25548083116666,444.50280941839566,445.0599670410156,29737400,0.0,0.0,0.0,False
2023-11-27 00:00:00-05:00,444.4245521926465,445.2456563416009,443.8673647886803,444.2583923339844,50506000,0.0,0.0,0.0,False
2023-11-28 00:00:00-05:00,443.8674143429431,446.0081621182627,443.30047206889907,444.69830322265625,62115000,0.0,0.0,0.0,False
2023-11-29 00:00:00-05:00,446.8683493865676,448.0120483391923,443.9847149867277,444.3854675292969,63146000,0.0,0.0,0.0,False
2023-11-30 00:00:00-05:00,445.2359315687219,446.48714223694196,443.1440474188456,446.1352233886719,79752700,0.0,0.0,0.0,False
2023-12-01 00:00:00-05:00,445.5193527894594,449.3120932196739,444.92308650253847,448.77447509765625,89097900,0.0,0.0,0.0,False
2023-12-04 00:00:00-05:00,445.3531892258051,448.79401080674774,444.12151811066195,446.4186706542969,72430900,0.0,0.0,0.0,False
2023-12-05 00:00:00-05:00,445.0208906377833,447.29847416658373,444.63964769422057,446.33074951171875,69793500,0.0,0.0,0.0,False
2023-12-06 00:00:00-05:00,448.49100491903886,448.5203290025261,444.0922134086644,444.5321044921875,69124700,0.0,0.0,0.0,False
2023-12-07 00:00:00-05:00,446.6337224725188,448.5789561923744,446.027671554647,447.9240417480469,66995400,0.0,0.0,0.0,False
2023-12-08 00:00:00-05:00,447.1713663732682,450.38738010975453,446.92698906447293,449.8497619628906,83080900,0.0,0.0,0.0,False
2023-12-11 00:00:00-05:00,449.3511976042757,451.7754311113343,449.13614439130106,451.5994567871094,65002200,0.0,0.0,0.0,False
2023-12-12 00:00:00-05:00,451.2475993020298,453.7598052309679,450.24076596900215,453.66204833984375,68327600,0.0,0.0,0.0,False
2023-12-13 00:00:00-05:00,454.04325082622603,460.17225276505405,453.6815771856103,459.9180908203125,93278000,0.0,0.0,0.0,False
2023-12-14 00:00:00-05:00,461.87310449126466,463.0754515660027,458.6961995397374,461.3941345214844,119026000,0.0,0.0,0.0,False
2023-12-15 00:00:00-05:00,460.7914691104517,461.9790722841804,458.7696383555202,460.6344299316406,141319300,1.906,0.0,0.0,False
2023-12-18 00:00:00-05:00,462.2539072749284,464.21685218338376,461.1841058940797,463.2255554199219,70375300,0.0,0.0,0.0,False
2023-12-19 00:00:00-05:00,463.7751898828678,466.120923487645,463.6966852634015,466.0423889160156,55761800,0.0,0.0,0.0,False
2023-12-20 00:00:00-05:00,465.17866442919757,467.0827233391325,459.1524392855077,459.58428955078125,102921000,0.0,0.0,0.0,False
2023-12-21 00:00:00-05:00,462.5973742504415,464.21682767615175,460.1535175531242,463.9420166015625,86667500,0.0,0.0,0.0,False
2023-12-22 00:00:00-05:00,465.0805515251131,466.57240891711933,462.9605972508717,464.87445068359375,67126600,0.0,0.0,0.0,False
2023-12-26 00:00:00-05:00,465.28665851095707,467.75013402978874,465.208123940573,466.8373718261719,55387000,0.0,0.0,0.0,False
2023-12-27 00:00:00-05:00,466.63124433624307,467.82864187280944,466.0914464923829,467.6814270019531,68000300,0.0,0.0,0.0,False
2023-12-28 00:00:00-05:00,468.0446059486198,468.702175743884,467.43609779700336,467.8581237792969,77158100,0.0,0.0,0.0,False
2023-12-29 00:00:00-05:00,467.6617618043553,468.19176527280877,464.53086253578005,466.5036315917969,122234100,0.0,0.0,0.0,False
2024-01-02 00:00:00-05:00,463.4120324234117,464.89406539748853,461.77296026414723,463.8929443359375,123623700,0.0,0.0,0.0,False
2024-01-03 00:00:00-05:00,461.7140914792313,462.4600201485641,459.4959840423761,460.1044921875,103585900,0.0,0.0,0.0,False
2024-01-04 00:00:00-05:00,459.62352762063693,462.234247882289,458.39668708144865,458.6224365234375,84232200,0.0,0.0,0.0,False
2024-01-05 00:00:00-05:00,458.8284934476641,461.7238488239915,457.7881351661446,459.25054931640625,86060800,0.0,0.0,0.0,False
2024-01-08 00:00:00-05:00,459.7511256264101,465.95403860531457,459.6235294174898,465.80682373046875,74879100,0.0,0.0,0.0,False
2024-01-09 00:00:00-05:00,463.1273895276289,466.13069275931775,462.617034648156,465.10015869140625,65931400,0.0,0.0,0.0,False
2024-01-10 00:00:00-05:00,465.3749410599913,468.6039935335334,465.09030568699995,467.73046875,67310600,0.0,0.0,0.0,False
2024-01-11 00:00:00-05:00,468.74143033276624,469.261609540428,463.51019528032464,467.5244140625,77940700,0.0,0.0,0.0,False
2024-01-12 00:00:00-05:00,468.98680879638437,469.7327374699283,466.4251799867084,467.8482971191406,57944000,0.0,0.0,0.0,False
2024-01-16 00:00:00-05:00,466.4546094711113,467.77957332625357,464.2953580849732,466.1307067871094,85014900,0.0,0.0,0.0,False
2024-01-17 00:00:00-05:00,463.0783490739121,464.0303785701395,461.1644657720421,463.5396423339844,68843900,0.0,0.0,0.0,False
2024-01-18 00:00:00-05:00,465.2277716609403,468.221250691515,463.66723403940006,467.66180419921875,91856200,0.0,0.0,0.0,False
2024-01-19 00:00:00-05:00,468.8002927931282,473.7763651231368,467.71087279007605,473.4917297363281,110733300,0.0,0.0,0.0,False
2024-01-22 00:00:00-05:00,475.0424810520667,476.2300543073191,473.83525917880513,474.49285888671875,75844900,0.0,0.0,0.0,False
2024-01-23 00:00:00-05:00,475.04248137893603,476.12207709236566,473.9432370474837,475.876708984375,49945300,0.0,0.0,0.0,False
2024-01-24 00:00:00-05:00,478.77205810079477,479.7142632360057,475.8963511029374,476.39691162109375,81765000,0.0,0.0,0.0,False
2024-01-25 00:00:00-05:00,478.5463320010401,479.26281768430965,476.3969348555568,478.9880065917969,72525000,0.0,0.0,0.0,False
2024-01-26 00:00:00-05:00,478.5561439348536,480.0577955715659,477.52560985262113,478.3794860839844,76641600,0.0,0.0,0.0,False
2024-01-29 00:00:00-05:00,478.69354747987603,482.31518305508706,478.14392532855254,482.1679382324219,61322800,0.0,0.0,0.0,False
2024-01-30 00:00:00-05:00,481.47111075404376,482.5114691291103,481.0294361816153,481.7950134277344,58618400,0.0,0.0,0.0,False
2024-01-31 00:00:00-05:00,479.5670527944145,480.01852172451737,473.91376202659535,473.93341064453125,126011100,0.0,0.0,0.0,False
2024-02-01 00:00:00-05:00,475.6510160857212,480.1657955155809,474.8363771484392,480.1363525390625,91891600,0.0,0.0,0.0,False
2024-02-02 00:00:00-05:00,480.5780156402237,486.8594338067115,480.23449426620925,485.1909484863281,99147700,0.0,0.0,0.0,False
2024-02-05 00:00:00-05:00,484.55297267858543,485.22036677277737,481.14726199372336,483.42425537109375,75757100,0.0,0.0,0.0,False
2024-02-06 00:00:00-05:00,484.3762903976259,485.161486357545,482.93352464544796,484.8277893066406,55918600,0.0,0.0,0.0,False
2024-02-07 00:00:00-05:00,487.0949667191754,489.29345540498053,486.18217458429916,488.8714294433594,70556500,0.0,0.0,0.0,False
2024-02-08 00:00:00-05:00,488.87144668318996,489.4701305169981,488.04701339693975,489.0873718261719,52343600,0.0,0.0,0.0,False
2024-02-09 00:00:00-05:00,489.5976805454051,492.35561554886436,489.25415922049933,491.9139709472656,63979400,0.0,0.0,0.0,False
2024-02-12 00:00:00-05:00,491.88451070707987,494.1713281030656,490.97171865816415,491.6980285644531,56502300,0.0,0.0,0.0,False
2024-02-13 00:00:00-05:00,485.3675473659573,487.88011432720253,481.6281398981603,484.9258728027344,113099200,0.0,0.0,0.0,False
2024-02-14 00:00:00-05:00,487.58568295930564,489.82343883770176,485.23994954156973,489.33270263671875,68387800,0.0,0.0,0.0,False
2024-02-15 00:00:00-05:00,490.0393781661973,492.8954665329509,489.5584363078264,492.708984375,61683000,0.0,0.0,0.0,False
2024-02-16 00:00:00-05:00,492.40473710700155,493.553043093204,489.50938141650533,490.25531005859375,75461200,0.0,0.0,0.0,False
2024-02-20 00:00:00-05:00,488.49847959987864,489.1756980012297,485.2890754015959,487.5562744140625,71736700,0.0,0.0,0.0,False
2024-02-21 00:00:00-05:00,486.2410498105401,488.15490294140346,484.4154956456656,487.99786376953125,59603800,0.0,0.0,0.0,False
2024-02-22 00:00:00-05:00,494.6719606242744,499.0689382221311,493.70028248904225,498.0972900390625,76402500,0.0,0.0,0.0,False
2024-02-23 00:00:00-05:00,499.8344394185865,500.6785212594889,497.7046610793081,498.4407653808594,61321800,0.0,0.0,0.0,False
2024-02-26 00:00:00-05:00,498.88243333368956,499.324107916151,496.48763816441505,496.615234375,50386700,0.0,0.0,0.0,False
2024-02-27 00:00:00-05:00,497.3120612862613,497.7635301893359,495.39817818610493,497.53778076171875,48854500,0.0,0.0,0.0,False
2024-02-28 00:00:00-05:00,495.9674873485018,497.4691390817809,495.6043473143086,496.8802795410156,56506600,0.0,0.0,0.0,False
2024-02-29 00:00:00-05:00,498.6566790323459,500.29572113287253,495.98707296206624,498.6664733886719,83924800,0.0,0.0,0.0,False
2024-03-01 00:00:00-05:00,499.54982014980897,503.77993373721426,499.13758857340855,503.34808349609375,76805900,0.0,0.0,0.0,False
2024-03-04 00:00:00-05:00,502.5433622679051,504.6731406897514,502.5138893406261,502.8083190917969,49799300,0.0,0.0,0.0,False
2024-03-05 00:00:00-05:00,500.78650650499986,501.238005409459,495.5552713875458,497.783203125,72855600,0.0,0.0,0.0,False
2024-03-06 00:00:00-05:00,501.0907384749683,502.58259574187963,499.00022735337984,500.3055725097656,68382400,0.0,0.0,0.0,False
2024-03-07 00:00:00-05:00,503.63274746236914,506.33179648599753,500.3644276896388,505.27178955078125,58652100,0.0,0.0,0.0,False
2024-03-08 00:00:00-05:00,505.90983271523226,508.61864647578443,501.6600400481044,502.2391052246094,86425500,0.0,0.0,0.0,False
2024-03-11 00:00:00-04:00,501.0220544995312,502.39610990465496,499.0787283144667,501.8072204589844,62557200,0.0,0.0,0.0,False
2024-03-12 00:00:00-04:00,503.9370934492955,507.7942733874112,501.3950531835057,507.2054138183594,73114400,0.0,0.0,0.0,False
2024-03-13 00:00:00-04:00,507.5292018025495,507.7058596541813,504.9577487882575,506.4103088378906,55104100,0.0,0.0,0.0,False
2024-03-14 00:00:00-04:00,507.391774299899,507.5488434354038,502.33722721885914,505.40924072265625,110171800,0.0,0.0,0.0,False
2024-03-15 00:00:00-04:00,502.31293540387725,503.77989353927506,500.2552881350044,501.9388122558594,107585800,1.595,0.0,0.0,False
2024-03-18 00:00:00-04:00,506.0442443605613,507.5013175083765,504.5083926373261,504.921875,88893300,0.0,0.0,0.0,False
2024-03-19 00:00:00-04:00,504.2229484462538,508.0133339755885,503.20886197881583,507.72784423828125,60755300,0.0,0.0,0.0,False
2024-03-20 00:00:00-04:00,507.78689040545135,512.5617976859555,507.107567876367,512.4239501953125,69594600,0.0,0.0,0.0,False
2024-03-21 00:00:00-04:00,515.2888929469045,515.9977198182323,513.8317597828803,514.1173095703125,60256100,0.0,0.0,0.0,False
2024-03-22 00:00:00-04:00,514.0286116028717,514.5208724540569,512.9062424404649,513.142578125,79023000,0.0,0.0,0.0,False
2024-03-25 00:00:00-04:00,511.75444947705085,512.8866736492802,511.5673879205202,511.7249450683594,48512100,0.0,0.0,0.0,False
2024-03-26 00:00:00-04:00,513.1623725583848,513.5069913057586,510.376218619286,510.77984619140625,65463700,0.0,0.0,0.0,False
2024-03-27 00:00:00-04:00,513.6349630852659,515.1117459956549,511.4492931308559,515.0723266601562,82999800,0.0,0.0,0.0,False
2024-03-28 00:00:00-04:00,515.1117244407011,516.490019045119,514.6883872349583,514.973876953125,96294900,0.0,0.0,0.0,False
2024-04-01 00:00:00-04:00,515.722075543962,516.2635505203092,512.9062975041601,514.077880859375,62477500,0.0,0.0,0.0,False
2024-04-02 00:00:00-04:00,510.2186075094628,510.9471440833823,508.48583939287244,510.8093566894531,74230300,0.0,0.0,0.0,False
2024-04-03 00:00:00-04:00,509.70660859885675,512.8866549438985,509.65739452586894,511.3704528808594,59155800,0.0,0.0,0.0,False
2024-04-04 00:00:00-04:00,515.4169280571225,515.7614866884437,504.82346272177824,505.128662109375,96858100,0.0,0.0,0.0,False
2024-04-05 00:00:00-04:00,506.49720772027257,512.3846300277044,506.05416080395946,510.4057312011719,74482100,0.0,0.0,0.0,False
2024-04-08 00:00:00-04:00,511.1145288556158,512.1285550870866,509.8740217431722,510.6911315917969,48401800,0.0,0.0,0.0,False
2024-04-09 00:00:00-04:00,512.443711194131,512.6898416990273,506.3888767374995,511.281982421875,68124400,0.0,0.0,0.0,False
2024-04-10 00:00:00-04:00,505.53230608801437,508.1708176740939,504.16386626133215,506.16241455078125,82652800,0.0,0.0,0.0,False
2024-04-11 00:00:00-04:00,507.6982019846705,511.43937286090204,504.15394748938644,509.9822998046875,70099000,0.0,0.0,0.0,False
2024-04-12 00:00:00-04:00,506.4085299882091,507.83609877565436,501.20040067217343,502.9430236816406,92469100,0.0,0.0,0.0,False
2024-04-15 00:00:00-04:00,507.1567766386015,507.3241285380858,495.7855305434991,496.64208984375,92101400,0.0,0.0,0.0,False
2024-04-16 00:00:00-04:00,497.1245076570864,498.66035947019793,494.4367519615287,495.736328125,73484000,0.0,0.0,0.0,False
2024-04-17 00:00:00-04:00,498.21729969506373,498.38468163937944,491.3945700811529,492.80242919921875,75910300,0.0,0.0,0.0,False
2024-04-18 00:00:00-04:00,494.21033673036214,496.32705290290846,490.84325845881517,491.78839111328125,74548100,0.0,0.0,0.0,False
2024-04-19 00:00:00-04:00,491.7096327653415,492.7138343128459,486.2159835969546,487.4958801269531,102129100,0.0,0.0,0.0,False
2024-04-22 00:00:00-04:00,490.12449929183884,494.6040917357982,487.761652861239,491.9852600097656,67961000,0.0,0.0,0.0,False
2024-04-23 00:00:00-04:00,494.0133914313267,498.2566783621757,491.79821718479525,497.823486328125,64633600,0.0,0.0,0.0,False
2024-04-24 00:00:00-04:00,498.7193828321204,499.5168431220452,495.3424801184661,497.5871887207031,55928100,0.0,0.0,0.0,False
2024-04-25 00:00:00-04:00,491.4536428767912,496.46485582440346,489.7897984349343,495.6969299316406,69122400,0.0,0.0,0.0,False
2024-04-26 00:00:00-04:00,498.5126565404513,501.98801755129347,497.872723331869,500.3930969238281,64306100,0.0,0.0,0.0,False
2024-04-29 00:00:00-04:00,502.1947566222339,502.84454466129057,499.398718119314,502.16522216796875,46415400,0.0,0.0,0.0,False
2024-04-30 00:00:00-04:00,500.6884682005526,501.6729901263906,494.2103271484375,494.2103271484375,77483600,0.0,0.0,0.0,False
2024-05-01 00:00:00-04:00,493.619586122049,500.32417773644914,492.13294846540316,492.60552978515625,80242800,0.0,0.0,0.0,False
2024-05-02 00:00:00-04:00,496.34672015087597,498.05980872309107,491.8179133080799,497.2131042480469,62550200,0.0,0.0,0.0,False
2024-05-03 00:00:00-04:00,503.24822804633646,504.61669789111306,500.6884650462391,503.376220703125,72756700,0.0,0.0,0.0,False
2024-05-06 00:00:00-04:00,505.79819509591977,508.61391369216517,505.355148162416,508.5745544433594,47264700,0.0,0.0,0.0,False
2024-05-07 00:00:00-04:00,509.54916353424784,510.5435402899154,508.4563586225624,509.13568115234375,52561300,0.0,0.0,0.0,False
2024-05-08 00:00:00-04:00,507.28481627078486,509.7264116063461,507.16667843780317,509.1849365234375,42047200,0.0,0.0,0.0,False
2024-05-09 00:00:00-04:00,509.37191905270333,512.1581327107517,508.7123062391851,512.1187133789062,43643700,0.0,0.0,0.0,False
2024-05-10 00:00:00-04:00,513.7333998374235,514.5505698868354,511.5477899369006,512.7784423828125,52233200,0.0,0.0,0.0,False
2024-05-13 00:00:00-04:00,514.4717752531619,514.5800582433153,511.6954162109544,512.8472900390625,36716400,0.0,0.0,0.0,False
2024-05-14 00:00:00-04:00,513.044151158407,515.7220817556282,512.502676175538,515.2002563476562,57535900,0.0,0.0,0.0,False
2024-05-15 00:00:00-04:00,517.6911437452166,521.8753616282006,517.0511805034056,521.5800170898438,59504900,0.0,0.0,0.0,False
2024-05-16 00:00:00-04:00,521.6784804626144,523.2931108352446,520.3591946482824,520.5068969726562,50244800,0.0,0.0,0.0,False
2024-05-17 00:00:00-04:00,520.6250185214858,521.324050696315,519.1580905190848,521.255126953125,59187600,0.0,0.0,0.0,False
2024-05-20 00:00:00-04:00,521.373306739912,523.3324958452743,520.9794739158245,521.855712890625,37764200,0.0,0.0,0.0,False
2024-05-21 00:00:00-04:00,521.0877359334659,523.293055188179,520.8809647194204,523.135498046875,33437000,0.0,0.0,0.0,False
2024-05-22 00:00:00-04:00,522.4365876566568,523.1552694386295,519.4337476893709,521.6292724609375,48390000,0.0,0.0,0.0,False
2024-05-23 00:00:00-04:00,524.7108060345491,524.8190890203099,516.5982952173239,517.8191528320312,57211200,0.0,0.0,0.0,False
2024-05-24 00:00:00-04:00,519.6799448144909,522.062531462435,518.7249872606668,521.245361328125,41258400,0.0,0.0,0.0,False
2024-05-28 00:00:00-04:00,522.0624598230312,522.2987354702987,518.95133689281,521.6095581054688,36269600,0.0,0.0,0.0,False
2024-05-29 00:00:00-04:00,517.543487824079,519.148263398525,517.2382884253442,517.9569702148438,45190300,0.0,0.0,0.0,False
2024-05-30 00:00:00-04:00,516.4014053895721,517.0708730177894,513.2607783732564,514.5209350585938,46468500,0.0,0.0,0.0,False
2024-05-31 00:00:00-04:00,515.4859352961895,519.3353901368334,510.3368440263071,519.2073974609375,90785800,0.0,0.0,0.0,False
2024-06-03 00:00:00-04:00,520.8317631264383,521.1172528275335,514.5110896472963,519.630615234375,46835700,0.0,0.0,0.0,False
2024-06-04 00:00:00-04:00,518.3114277709847,520.9597941196552,516.8346449019963,520.2115478515625,34632700,0.0,0.0,0.0,False
2024-06-05 00:00:00-04:00,522.5546879019944,526.4139967755568,520.5462248457087,526.394287109375,47610400,0.0,0.0,0.0,False
2024-06-06 00:00:00-04:00,526.6995757444492,527.1327678407445,524.4351870962748,526.384521484375,30808500,0.0,0.0,0.0,False
2024-06-07 00:00:00-04:00,525.3999491397393,528.5799958497668,524.2972893803054,525.7445678710938,43224500,0.0,0.0,0.0,False
2024-06-10 00:00:00-04:00,524.927362515156,527.6938665613864,524.3268185972163,527.3689575195312,35729300,0.0,0.0,0.0,False
2024-06-11 00:00:00-04:00,525.8036102503464,528.6981069954104,523.8148568140152,528.6390380859375,36383400,0.0,0.0,0.0,False
2024-06-12 00:00:00-04:00,533.246614073991,535.6980640483052,531.9371830907995,532.9807739257812,63251300,0.0,0.0,0.0,False
2024-06-13 00:00:00-04:00,534.7431324757749,534.9203392196645,531.2382366633478,534.053955078125,44760900,0.0,0.0,0.0,False
2024-06-14 00:00:00-04:00,532.508229500441,534.4083496258869,531.4941430630411,534.3788452148438,40089900,0.0,0.0,0.0,False
2024-06-17 00:00:00-04:00,533.6896379923317,540.039816141854,533.2268814613034,538.6318969726562,55839500,0.0,0.0,0.0,False
2024-06-18 00:00:00-04:00,538.6909962454417,540.1284199050533,538.2676590236715,540.0004272460938,41376400,0.0,0.0,0.0,False
2024-06-20 00:00:00-04:00,540.9356829623472,541.6051506036705,536.7416103033577,538.533447265625,70328200,0.0,0.0,0.0,False
2024-06-21 00:00:00-04:00,537.7028911104192,538.9375137844564,536.3398628555373,537.8115234375,64513900,1.759,0.0,0.0,False
2024-06-24 00:00:00-04:00,537.6337600674972,540.2215244420265,535.9447744997484,536.0632934570312,45528700,0.0,0.0,0.0,False
2024-06-25 00:00:00-04:00,537.2978705616919,538.4930069445525,535.7669505898007,538.1275634765625,38273300,0.0,0.0,0.0,False
2024-06-26 00:00:00-04:00,537.0015765793066,539.5201946501434,536.3497223654682,538.7991943359375,38550600,0.0,0.0,0.0,False
2024-06-27 00:00:00-04:00,538.6609224788729,540.2313890252565,537.9102622571704,539.6486206054688,35041500,0.0,0.0,0.0,False
2024-06-28 00:00:00-04:00,540.42885920361,543.5105326991545,536.2706888358666,537.5250244140625,76144500,0.0,0.0,0.0,False
2024-07-01 00:00:00-04:00,538.9176973561733,539.1646218711988,535.8459708574896,538.6312866210938,40297800,0.0,0.0,0.0,False
2024-07-02 00:00:00-04:00,537.0114898478076,542.2561645507812,536.962116997755,542.2561645507812,40434800,0.0,0.0,0.0,False
2024-07-03 00:00:00-04:00,541.9400823151169,545.041468871229,541.9005960927817,544.676025390625,32789900,0.0,0.0,0.0,False
2024-07-05 00:00:00-04:00,544.9822057765736,548.2218242315001,544.3401778909604,547.81689453125,41488400,0.0,0.0,0.0,False
2024-07-08 00:00:00-04:00,548.6070408170895,549.4070738750903,547.3724181791679,548.4490356445312,36110500,0.0,0.0,0.0,False
2024-07-09 00:00:00-04:00,549.4168893283099,550.3255545925022,548.6860024668314,548.9822998046875,27289700,0.0,0.0,0.0,False
2024-07-10 00:00:00-04:00,550.2169561678987,554.760343052966,549.9206588117951,554.4146728515625,38701200,0.0,0.0,0.0,False
2024-07-11 00:00:00-04:00,554.5332205594168,555.4122863317111,548.9922487177857,549.6342163085938,53054200,0.0,0.0,0.0,False
2024-07-12 00:00:00-04:00,550.7700602883441,556.7357347196536,550.2959845223418,553.1010131835938,53084400,0.0,0.0,0.0,False
2024-07-15 00:00:00-04:00,555.1159803872545,557.8914095784243,552.7454808834603,554.6221313476562,40584300,0.0,0.0,0.0,False
2024-07-16 00:00:00-04:00,555.9456232442218,558.2074301848496,555.1850764182681,557.9111328125,36475300,0.0,0.0,0.0,False
2024-07-17 00:00:00-04:00,551.9257271809707,553.6147127596594,549.7626657700799,550.088623046875,57119000,0.0,0.0,0.0,False
2024-07-18 00:00:00-04:00,551.639276116981,552.6368608446285,543.6586585801087,545.8612060546875,56270400,0.0,0.0,0.0,False
2024-07-19 00:00:00-04:00,545.6241865270397,547.2637991893615,541.1696582953947,542.2363891601562,65509100,0.0,0.0,0.0,False
2024-07-22 00:00:00-04:00,546.1970562271703,548.4391502335842,544.2414332553465,547.8267822265625,43346700,0.0,0.0,0.0,False
2024-07-23 00:00:00-04:00,547.7180681590119,549.8910159782978,546.4736192248041,546.9674682617188,34439600,0.0,0.0,0.0,False
2024-07-24 00:00:00-04:00,542.1079180206098,542.414101993874,533.6433387983191,534.57177734375,74515300,0.0,0.0,0.0,False
2024-07-25 00:00:00-04:00,534.6903338025456,540.7252149134714,530.8383474445005,531.7864990234375,61158300,0.0,0.0,0.0,False
2024-07-26 00:00:00-04:00,535.6089691765218,540.4585404543662,534.828649074335,537.7423706054688,53763800,0.0,0.0,0.0,False
2024-07-29 00:00:00-04:00,539.3029198591126,540.320217524103,536.0434679983305,538.0584106445312,39515800,0.0,0.0,0.0,False
2024-07-30 00:00:00-04:00,539.5399397118119,540.6066704721179,531.8951665456115,535.3323364257812,46853600,0.0,0.0,0.0,False
2024-07-31 00:00:00-04:00,542.2264921510769,546.6909069240734,540.8437509599753,544.0339965820312,65663400,0.0,0.0,0.0,False
2024-08-01 00:00:00-04:00,545.7723474991777,548.0440410770948,532.7939799696431,536.3299560546875,76428700,0.0,0.0,0.0,False
2024-08-02 00:00:00-04:00,529.1592759231037,530.3840119652383,522.0972101428371,526.3443603515625,82789100,0.0,0.0,0.0,False
2024-08-05 00:00:00-04:00,505.3459113976493,517.1390300808872,503.9927395713321,511.0152893066406,146267400,0.0,0.0,0.0,False
2024-08-06 00:00:00-04:00,512.8326148471089,523.23310551279,511.49924643144766,515.7266235351562,84826300,0.0,0.0,0.0,False
2024-08-07 00:00:00-04:00,521.9687339288903,525.0504071552026,511.67693763261536,512.2794189453125,70698300,0.0,0.0,0.0,False
2024-08-08 00:00:00-04:00,517.4649338517983,524.7541513400422,515.4204516421592,524.1220703125,63276600,0.0,0.0,0.0,False
2024-08-09 00:00:00-04:00,523.2922939838902,527.9344868094374,522.0576714390269,526.4331665039062,45619600,0.0,0.0,0.0,False
2024-08-12 00:00:00-04:00,527.6382775873748,529.1395378593587,524.418371807059,526.7098388671875,42542100,0.0,0.0,0.0,False
2024-08-13 00:00:00-04:00,529.9296605871888,535.608924341297,529.6827360761406,535.371826171875,52333100,0.0,0.0,0.0,False
2024-08-14 00:00:00-04:00,536.1718386960852,538.2559273057971,533.475442429411,537.060791015625,42446900,0.0,0.0,0.0,False
2024-08-15 00:00:00-04:00,542.7400850013888,546.5525850520006,542.1277170257696,546.2661743164062,60846800,0.0,0.0,0.0,False
2024-08-16 00:00:00-04:00,544.6364439181536,548.1921930822297,544.4784387546481,547.4909057617188,44430700,0.0,0.0,0.0,False
2024-08-19 00:00:00-04:00,547.9057365553024,552.7257080078125,547.04644404856,552.7257080078125,39121800,0.0,0.0,0.0,False
2024-08-20 00:00:00-04:00,552.2713804695546,553.9405925603355,550.4737628114597,551.826904296875,33732300,0.0,0.0,0.0,False
2024-08-21 00:00:00-04:00,552.8837473869856,555.1949270256794,547.9057107172382,553.7232666015625,41514600,0.0,0.0,0.0,False
2024-08-22 00:00:00-04:00,555.6394125324648,556.2517805006497,548.1526444347239,549.3773803710938,56121500,0.0,0.0,0.0,False
2024-08-23 00:00:00-04:00,552.6466700550034,556.1628723911551,550.4341759795476,555.2146606445312,50639400,0.0,0.0,0.0,False
2024-08-26 00:00:00-04:00,556.2518484473743,556.9728488208845,552.1726501803229,553.8912353515625,35788600,0.0,0.0,0.0,False
2024-08-27 00:00:00-04:00,552.60719113133,555.1455824402227,551.4516012531584,554.6517333984375,32693900,0.0,0.0,0.0,False
2024-08-28 00:00:00-04:00,554.3060588906137,554.7406484553917,548.2119183574736,551.4318237304688,41066000,0.0,0.0,0.0,False
2024-08-29 00:00:00-04:00,553.4171111191611,556.7456488400046,550.3256112930245,551.481201171875,38715200,0.0,0.0,0.0,False
2024-08-30 00:00:00-04:00,553.8714307928684,557.2592277234747,550.2860822039601,556.74560546875,62700100,0.0,0.0,0.0,False
2024-09-03 00:00:00-04:00,553.5751944281147,553.9110383492275,542.7500604797434,545.2884521484375,60600100,0.0,0.0,0.0,False
2024-09-04 00:00:00-04:00,543.4315286411534,547.609472482038,542.7006416631017,544.1723022460938,47224900,0.0,0.0,0.0,False
2024-09-05 00:00:00-04:00,544.1130374259648,546.987212459813,540.369622930467,542.8487548828125,44264300,0.0,0.0,0.0,False
2024-09-06 00:00:00-04:00,543.1746889776059,544.8142412787463,532.8038590526223,533.7125244140625,68493800,0.0,0.0,0.0,False
2024-09-09 00:00:00-04:00,537.9497514376588,540.9721049715934,536.0039549877774,539.6880493164062,40445800,0.0,0.0,0.0,False
2024-09-10 00:00:00-04:00,541.6141154106779,542.3944354912933,536.6953981658095,542.038818359375,36394600,0.0,0.0,0.0,False
2024-09-11 00:00:00-04:00,541.9499443030138,548.5279869391354,533.3174727969968,547.5995483398438,75248600,0.0,0.0,0.0,False
2024-09-12 00:00:00-04:00,548.1823330685932,552.5183422032788,545.9402390867614,552.212158203125,51892700,0.0,0.0,0.0,False
2024-09-13 00:00:00-04:00,552.824497945327,556.1036627094621,552.5676868065235,555.09619140625,39310500,0.0,0.0,0.0,False
2024-09-16 00:00:00-04:00,554.8295115629904,556.1826531141121,553.0121808492725,555.916015625,36656100,0.0,0.0,0.0,False
2024-09-17 00:00:00-04:00,558.1481230600576,559.6099571126953,553.8911470351901,556.1431274414062,49321000,0.0,0.0,0.0,False
2024-09-18 00:00:00-04:00,556.8048930733479,561.6940105129354,553.9307182522333,554.4937133789062,59044900,0.0,0.0,0.0,False
2024-09-19 00:00:00-04:00,563.9855314630629,565.8325221847023,561.0915831115941,563.9558715820312,75315500,0.0,0.0,0.0,False
2024-09-20 00:00:00-04:00,562.5748463140295,564.0311870143781,559.9295598052497,562.9810180664062,77503100,1.746,0.0,0.0,False
2024-09-23 00:00:00-04:00,564.0608597882709,565.0416704048506,562.8323068106478,564.3877563476562,44116900,0.0,0.0,0.0,False
2024-09-24 00:00:00-04:00,565.1902206826558,566.0620657446156,562.336920565189,566.0026245117188,46805700,0.0,0.0,0.0,False
2024-09-25 00:00:00-04:00,565.8442312792934,566.5872770519147,563.634867396296,564.75439453125,38428600,0.0,0.0,0.0,False
2024-09-26 00:00:00-04:00,569.054138596357,569.381095644281,564.6156981825178,566.993408203125,48336000,0.0,0.0,0.0,False
2024-09-27 00:00:00-04:00,568.0733221030284,568.8955824862597,565.1308296402824,566.1710815429688,42100900,0.0,0.0,0.0,False
2024-09-30 00:00:00-04:00,565.1308235636413,569.054126648712,562.8125548304923,568.4398803710938,63557400,0.0,0.0,0.0,False
2024-10-01 00:00:00-04:00,568.0832412262648,568.7370948487,560.7518326540558,563.3475341796875,72668800,0.0,0.0,0.0,False
2024-10-02 00:00:00-04:00,562.4460266108737,564.6157226242663,560.0286486802867,563.5853271484375,38097800,0.0,0.0,0.0,False
2024-10-03 00:00:00-04:00,562.0992361787922,564.5166141116738,560.2465802739564,562.5549926757812,40846500,0.0,0.0,0.0,False
2024-10-04 00:00:00-04:00,567.0429509955953,568.0435956054741,562.8323584481524,567.6671142578125,42939100,0.0,0.0,0.0,False
2024-10-07 00:00:00-04:00,566.0027030784669,566.6566172003112,561.3760218130078,562.53515625,49964700,0.0,0.0,0.0,False
2024-10-08 00:00:00-04:00,565.1309064014863,568.4597975991435,564.2492046603182,567.8554077148438,37398700,0.0,0.0,0.0,False
2024-10-09 00:00:00-04:00,567.8454370265796,572.3532962392944,567.2411076686911,571.78857421875,37912200,0.0,0.0,0.0,False
2024-10-10 00:00:00-04:00,570.4312554050144,572.2244699604879,569.1630950388911,570.7879028320312,44138100,0.0,0.0,0.0,False
2024-10-11 00:00:00-04:00,570.7086350830941,574.9489783343695,570.5699187032751,574.2059326171875,42268000,0.0,0.0,0.0,False
2024-10-14 00:00:00-04:00,575.8306855964628,579.8431808838789,575.3452387315617,578.9019775390625,36217200,0.0,0.0,0.0,False
2024-10-15 00:00:00-04:00,579.1694498706809,579.476572994963,573.1754997680354,574.404052734375,54203600,0.0,0.0,0.0,False
2024-10-16 00:00:00-04:00,574.4041032535349,577.4258104780474,573.5916993280316,576.9006958007812,30725400,0.0,0.0,0.0,False
2024-10-17 00:00:00-04:00,580.4771831597582,580.6852577252666,576.7619546491962,576.9501953125,34393700,0.0,0.0,0.0,False
2024-10-18 00:00:00-04:00,578.6542969086659,579.9620646428958,577.1781224079018,579.1694946289062,37416800,0.0,0.0,0.0,False
2024-10-21 00:00:00-04:00,578.4363148470578,579.427042498055,575.2164499813167,578.2183837890625,36439000,0.0,0.0,0.0,False
2024-10-22 00:00:00-04:00,575.6622837872882,579.0803062430451,574.9985131991087,577.9112548828125,34183800,0.0,0.0,0.0,False
2024-10-23 00:00:00-04:00,575.8703751003621,576.3162146456757,569.0937712315641,572.6306762695312,49314600,0.0,0.0,0.0,False
2024-10-24 00:00:00-04:00,574.6021472693831,574.6814224050617,571.2237929175743,573.8690185546875,34979900,0.0,0.0,0.0,False
2024-10-25 00:00:00-04:00,576.1180270991449,579.0406856675128,572.7198386240539,573.6708984375,47268200,0.0,0.0,0.0,False
2024-10-28 00:00:00-04:00,577.1781704779371,577.3069699187241,575.1372737990611,575.4443969726562,30174700,0.0,0.0,0.0,False
2024-10-29 00:00:00-04:00,574.4733698377371,577.5049938494554,573.0665535889564,576.3756103515625,42899700,0.0,0.0,0.0,False
2024-10-30 00:00:00-04:00,575.900057964771,577.9112641336919,573.9186026507842,574.6319580078125,41435800,0.0,0.0,0.0,False
2024-10-31 00:00:00-04:00,570.2232506098582,570.2926088073559,563.1692740005201,563.367431640625,60182500,0.0,0.0,0.0,False
2024-11-01 00:00:00-04:00,566.0225499653657,570.2133087354622,565.3290284899207,565.7451171875,45667500,0.0,0.0,0.0,False
2024-11-04 00:00:00-05:00,565.8837812272758,567.1915489107644,562.624309204199,564.5264892578125,38217000,0.0,0.0,0.0,False
2024-11-05 00:00:00-05:00,565.4479024326085,571.3922684708153,565.2299713697657,571.3526611328125,39478300,0.0,0.0,0.0,False
2024-11-06 00:00:00-05:00,583.7367872329222,586.4414545700248,579.9621170222276,585.5596923828125,68182000,0.0,0.0,0.0,False
2024-11-07 00:00:00-05:00,587.5807707664578,591.1176757282863,587.5014956231886,590.0872802734375,47233200,0.0,0.0,0.0,False
2024-11-08 00:00:00-05:00,590.642082391681,594.079938759187,590.642082391681,592.6433715820312,46444900,0.0,0.0,0.0,False
2024-11-11 00:00:00-05:00,594.2483207362625,594.6049681604908,591.4643785924768,593.2080688476562,37586800,0.0,0.0,0.0,False
2024-11-12 00:00:00-05:00,593.1288814294384,593.7332108436276,588.8588472506333,591.3654174804688,43006100,0.0,0.0,0.0,False
2024-11-13 00:00:00-05:00,591.830972646838,593.6737115669744,589.4433456119366,591.6526489257812,47388600,0.0,0.0,0.0,False
2024-11-14 00:00:00-05:00,591.7814256378922,592.2668724936673,587.1547446119931,587.8482055664062,38904100,0.0,0.0,0.0,False
2024-11-15 00:00:00-05:00,584.2518853623797,584.7274757572158,578.4462357999879,580.3187255859375,75988800,0.0,0.0,0.0,False
2024-11-18 00:00:00-05:00,580.7843146541127,584.0240133120835,579.912529982768,582.6964721679688,37084100,0.0,0.0,0.0,False
2024-11-19 00:00:00-05:00,579.2883437539291,585.5596057832407,578.614656257366,584.8264770507812,49412000,0.0,0.0,0.0,False
2024-11-20 00:00:00-05:00,584.9057757265481,585.3119474433167,579.2090919252475,585.024658203125,50032600,0.0,0.0,0.0,False
2024-11-21 00:00:00-05:00,587.8978278493445,589.601850428936,582.0029860760487,588.165283203125,46750300,0.0,0.0,0.0,False
2024-11-22 00:00:00-05:00,588.1553378190617,590.6223004102239,587.6501175222468,589.9882202148438,38226400,0.0,0.0,0.0,False
2024-11-25 00:00:00-05:00,593.9611014741124,595.2886427548735,589.6811504715163,591.9895629882812,42441400,0.0,0.0,0.0,False
2024-11-26 00:00:00-05:00,593.2476840361431,595.7542539284485,592.5244722270152,595.08056640625,45621300,0.0,0.0,0.0,False
2024-11-27 00:00:00-05:00,594.8922955539285,595.2786333477459,591.7417891529773,593.2774047851562,34000200,0.0,0.0,0.0,False
2024-11-29 00:00:00-05:00,594.0997341515284,597.7555217105382,593.8223618450431,596.9629516601562,30177400,0.0,0.0,0.0,False
2024-12-02 00:00:00-05:00,597.3790448477079,598.7165635076802,596.8836810038409,598.032958984375,31746000,0.0,0.0,0.0,False
2024-12-03 00:00:00-05:00,597.7951044978051,598.5579235840632,596.7548526753004,598.3102416992188,26906600,0.0,0.0,0.0,False
2024-12-04 00:00:00-05:00,600.0143670916415,602.273194597734,599.3406795733608,602.0255126953125,42787600,0.0,0.0,0.0,False
2024-12-05 00:00:00-05:00,602.0255176569135,602.8379215598571,600.6781426092477,601.0347900390625,28762200,0.0,0.0,0.0,False
2024-12-06 00:00:00-05:00,601.80756893048,603.4224597376833,601.3914802745837,602.1741333007812,31241500,0.0,0.0,0.0,False
2024-12-09 00:00:00-05:00,602.0552196801261,602.2236264301217,598.4787077823735,599.0731201171875,34742700,0.0,0.0,0.0,False
2024-12-10 00:00:00-05:00,599.7568097134952,600.1828153588143,596.5468617112069,597.2106323242188,37234500,0.0,0.0,0.0,False
2024-12-11 00:00:00-05:00,600.162977513686,602.7883692976188,599.8855447683401,601.827392578125,28677700,0.0,0.0,0.0,False
2024-12-12 00:00:00-05:00,600.9555775780522,601.5301560606846,598.7264404296875,598.7264404296875,31543800,0.0,0.0,0.0,False
2024-12-13 00:00:00-05:00,600.777301060768,601.5005129311277,597.2205620137203,598.6076049804688,35904700,0.0,0.0,0.0,False
2024-12-16 00:00:00-05:00,600.3809211894165,602.1444453296839,599.5982681600832,601.16357421875,43695200,0.0,0.0,0.0,False
2024-12-17 00:00:00-05:00,598.5877190044964,599.5586127152293,597.2997852012516,598.686767578125,55773500,0.0,0.0,0.0,False
2024-12-18 00:00:00-05:00,598.3796413211339,600.7871021522338,580.4574127554304,580.8438110351562,108248700,0.0,0.0,0.0,False
2024-12-19 00:00:00-05:00,585.8766419728512,587.5014497021764,580.4177233806457,580.6654052734375,85919500,0.0,0.0,0.0,False
2024-12-20 00:00:00-05:00,578.3155242409914,592.2124929094322,577.4605847282822,587.6398315429688,125716700,1.966,0.0,0.0,False
2024-12-23 00:00:00-05:00,587.3813894981963,591.7651768174416,584.170527544758,591.1588134765625,57635800,0.0,0.0,0.0,False
2024-12-24 00:00:00-05:00,592.5206773116818,597.7693545388469,591.9341539525126,597.7295532226562,33160100,0.0,0.0,0.0,False
2024-12-26 00:00:00-05:00,595.9402471287322,598.9025328618192,594.5286958920398,597.7693481445312,41219100,0.0,0.0,0.0,False
2024-12-27 00:00:00-05:00,593.9918131022456,594.2304389583717,587.2521039804407,591.4768676757812,64969300,0.0,0.0,0.0,False
2024-12-30 00:00:00-05:00,584.3991760465713,588.2262908200153,580.9397987194927,584.7271728515625,56578800,0.0,0.0,0.0,False
2024-12-31 00:00:00-05:00,586.4071285917476,587.1328351597793,580.949737539049,582.5999145507812,57052700,0.0,0.0,0.0,False
2025-01-02 00:00:00-05:00,585.8903133449512,587.6199718025061,577.0530861463853,581.1685180664062,50204000,0.0,0.0,0.0,False
2025-01-03 00:00:00-05:00,584.041321201932,589.0811625401365,582.9478165136304,588.43505859375,37888500,0.0,0.0,0.0,False
2025-01-06 00:00:00-05:00,592.7294596379129,596.1390855434315,590.0752700038965,591.8248291015625,47679400,0.0,0.0,0.0,False
2025-01-07 00:00:00-05:00,593.8726113920105,594.2006689002225,583.2958358937603,585.1348266601562,60393100,0.0,0.0,0.0,False
2025-01-08 00:00:00-05:00,585.2043368516471,587.0731783463152,581.7251197011292,585.9896240234375,47304700,0.0,0.0,0.0,False
2025-01-10 00:00:00-05:00,582.4010384255205,582.470630044935,575.1145471146322,577.0430297851562,73105000,0.0,0.0,0.0,False
2025-01-13 00:00:00-05:00,572.3511203282558,578.2955919136582,571.9335705869851,577.937744140625,47910100,0.0,0.0,0.0,False
2025-01-14 00:00:00-05:00,580.8901300540899,581.5263443769164,574.9158069623404,578.7330322265625,48420600,0.0,0.0,0.0,False
2025-01-15 00:00:00-05:00,586.8247284588324,590.4132782739244,585.7014333708025,589.2601928710938,56900200,0.0,0.0,0.0,False
2025-01-16 00:00:00-05:00,590.6418988494736,590.8208227582206,587.4211471465483,588.126953125,43319700,0.0,0.0,0.0,False
2025-01-17 00:00:00-05:00,593.4153635662274,595.8010763252378,592.0733432585914,594.0316772460938,58070600,0.0,0.0,0.0,False
2025-01-21 00:00:00-05:00,597.1032436422324,599.4790665392256,595.1151195120758,599.4691162109375,42532900,0.0,0.0,0.0,False
2025-01-22 00:00:00-05:00,602.3220575789143,604.2107997343253,601.7653852603825,602.8389892578125,48196000,0.0,0.0,0.0,False
2025-01-23 00:00:00-05:00,602.202836913474,606.12939453125,601.9245310619552,606.12939453125,41152100,0.0,0.0,0.0,False
2025-01-24 00:00:00-05:00,606.1889641125276,607.1532358314879,603.1968276944665,604.35986328125,34604700,0.0,0.0,0.0,False
2025-01-27 00:00:00-05:00,591.2780535386339,596.1290812621284,591.1090799762113,595.8109741210938,70361100,0.0,0.0,0.0,False
2025-01-28 00:00:00-05:00,597.0535535930056,601.7753484093994,593.7035692823513,600.930419921875,44433300,0.0,0.0,0.0,False
2025-01-29 00:00:00-05:00,600.1351431494525,600.5427425880405,595.661863690058,598.2365112304688,37177400,0.0,0.0,0.0,False
2025-01-30 00:00:00-05:00,600.3737223226141,602.9979999567328,597.1529103972634,601.447265625,39281300,0.0,0.0,0.0,False
2025-01-31 00:00:00-05:00,603.8926637937758,606.3380781510739,597.4809517720367,598.2463989257812,66671500,0.0,0.0,0.0,False
2025-02-03 00:00:00-05:00,589.1507063992589,596.7254539577673,586.9836585279035,594.220458984375,65857200,0.0,0.0,0.0,False
2025-02-04 00:00:00-05:00,594.2801079680467,598.7235360264071,593.7333859975146,598.2066650390625,33457800,0.0,0.0,0.0,False
2025-02-05 00:00:00-05:00,597.0734426682163,600.7812746894733,595.0256772776311,600.6321411132812,30653100,0.0,0.0,0.0,False
2025-02-06 00:00:00-05:00,602.3916690883134,602.8489594864907,599.051635066865,602.7197265625,35771500,0.0,0.0,0.0,False
2025-02-07 00:00:00-05:00,603.2863528555321,604.518980132331,596.4869415034437,597.2026977539062,50788500,0.0,0.0,0.0,False
2025-02-10 00:00:00-05:00,600.4433453406357,601.904587470542,599.1609664310816,601.2584228515625,26048700,0.0,0.0,0.0,False
2025-02-11 00:00:00-05:00,598.9720772711535,602.2624202362164,598.8527946787375,601.7156982421875,30056700,0.0,0.0,0.0,False
2025-02-12 00:00:00-05:00,595.6420111533067,600.9602190183091,594.9561058904112,599.7772827148438,45076100,0.0,0.0,0.0,False
2025-02-13 00:00:00-05:00,600.8906707676058,606.3182719646068,599.6183027617225,606.1094970703125,40921300,0.0,0.0,0.0,False
2025-02-14 00:00:00-05:00,606.3182160659691,607.3619690957353,605.4533869264999,606.0796508789062,26910400,0.0,0.0,0.0,False
2025-02-18 00:00:00-05:00,607.2526454845143,607.8590087890625,604.767490295972,607.8590087890625,26749000,0.0,0.0,0.0,False
2025-02-19 00:00:00-05:00,606.4574136362269,609.5886727994638,605.9404819368957,609.2904663085938,31011100,0.0,0.0,0.0,False
2025-02-20 00:00:00-05:00,607.9087005473524,608.0478837995475,603.415581218095,606.755615234375,36554000,0.0,0.0,0.0,False
2025-02-21 00:00:00-05:00,606.5369101497928,606.6760934066054,595.9103837703437,596.3776245117188,76519800,0.0,0.0,0.0,False
2025-02-24 00:00:00-05:00,598.4452543900395,599.4492667675623,592.948062133992,593.663818359375,50737200,0.0,0.0,0.0,False
2025-02-25 00:00:00-05:00,593.6041803376665,594.3397765506367,586.0592226451632,590.71142578125,58266500,0.0,0.0,0.0,False
2025-02-26 00:00:00-05:00,592.3914043988187,596.0197552375269,588.3455644774521,591.0096435546875,43321600,0.0,0.0,0.0,False
2025-02-27 00:00:00-05:00,593.3059087957712,594.469005075742,581.178400354161,581.5759887695312,74196700,0.0,0.0,0.0,False
2025-02-28 00:00:00-05:00,582.0829842300604,591.1885661100836,578.9815154204292,590.6517944335938,88744100,0.0,0.0,0.0,False
2025-03-03 00:00:00-05:00,592.6399338326904,593.7930798421835,576.456634439968,580.3036499023438,74249200,0.0,0.0,0.0,False
2025-03-04 00:00:00-05:00,576.2677446518286,581.9140099307576,568.8520197647429,573.4346313476562,109648200,0.0,0.0,0.0,False
2025-03-05 00:00:00-05:00,573.2656687004999,581.4070396387077,569.6771191196135,579.5978393554688,71230500,0.0,0.0,0.0,False
2025-03-06 00:00:00-05:00,572.0628369267654,576.7249905948024,566.7346786412188,569.309326171875,80094900,0.0,0.0,0.0,False
2025-03-07 00:00:00-05:00,567.5100935122905,573.961547019556,562.2713666790576,572.500244140625,81158800,0.0,0.0,0.0,False
2025-03-10 00:00:00-04:00,564.2197277241329,566.1581002592635,552.2909826575575,557.2513427734375,99326600,0.0,0.0,0.0,False
2025-03-11 00:00:00-04:00,556.0783347089355,560.6708965233902,548.7421519304726,552.6189575195312,88102100,0.0,0.0,0.0,False
2025-03-12 00:00:00-04:00,558.831845264852,559.7662660181003,550.4022185020889,555.5514526367188,69588200,0.0,0.0,0.0,False
2025-03-13 00:00:00-04:00,555.1737170498407,555.7900306808465,546.4160326198083,548.1456909179688,74079400,0.0,0.0,0.0,False
2025-03-14 00:00:00-04:00,552.807850521361,560.4820413534102,548.2152885508418,559.4680786132812,62660300,0.0,0.0,0.0,False
2025-03-17 00:00:00-04:00,559.448191732102,566.3271452015323,559.0108019778189,563.7823486328125,49008700,0.0,0.0,0.0,False
2025-03-18 00:00:00-04:00,561.4462437696595,561.6649689744013,555.7403372080155,557.688720703125,66041400,0.0,0.0,0.0,False
2025-03-19 00:00:00-04:00,559.4879962192153,567.5597757254244,558.2951095487034,563.762451171875,66556000,0.0,0.0,0.0,False
2025-03-20 00:00:00-04:00,559.985054575032,567.182054918567,559.2593479394812,562.1322021484375,62958200,0.0,0.0,0.0,False
2025-03-21 00:00:00-04:00,557.6315290750271,563.2249787707245,556.3852134999472,562.317626953125,83763000,1.696,0.0,0.0,False
2025-03-24 00:00:00-04:00,569.117517223541,573.4547318251052,568.5193101051706,572.3878784179688,58766800,0.0,0.0,0.0,False
2025-03-25 00:00:00-04:00,573.6042314829477,574.7109450377018,571.9989917299893,573.7637939453125,38355700,0.0,0.0,0.0,False
2025-03-26 00:00:00-04:00,573.494584132638,574.631238497171,565.5181647693191,566.9140625,51848300,0.0,0.0,0.0,False
2025-03-27 00:00:00-04:00,565.5081892015498,569.2172558810057,563.2748014981253,565.4085083007812,42164200,0.0,0.0,0.0,False
2025-03-28 00:00:00-04:00,563.8631197528184,564.600928853177,553.4339288758671,554.0221557617188,71662700,0.0,0.0,0.0,False
2025-03-31 00:00:00-04:00,548.209331507722,559.0572663570716,545.2580345314915,557.7411499023438,95328200,0.0,0.0,0.0,False
2025-04-01 00:00:00-04:00,555.8068841455135,561.2806921988606,552.0479770454208,559.3164672851562,54609600,0.0,0.0,0.0,False
2025-04-02 00:00:00-04:00,553.4139605782862,565.747494747627,553.1746777226398,562.8560791015625,76014500,0.0,0.0,0.0,False
2025-04-03 00:00:00-04:00,543.5032260055101,546.3547813001727,535.1180419921875,535.1180419921875,125986000,0.0,0.0,0.0,False
2025-04-04 00:00:00-04:00,522.1264277357504,524.3199552475792,503.57129666287966,503.7906494140625,217965100,0.0,0.0,0.0,False
2025-04-07 00:00:00-04:00,487.74808166979307,521.6279038372442,480.37984959166755,502.893310546875,256611400,0.0,0.0,0.0,False
2025-04-08 00:00:00-04:00,520.321766684984,523.432565399183,487.71817046987917,495.0166015625,165816600,0.0,0.0,0.0,False
2025-04-09 00:00:00-04:00,491.98558084417215,547.0029296875,491.5967157695939,547.0029296875,241867300,0.0,0.0,0.0,False
2025-04-10 00:00:00-04:00,530.6013458963056,531.9274425958545,507.8187234468108,523.0337524414062,162331200,0.0,0.0,0.0,False
2025-04-11 00:00:00-04:00,521.4683746979002,534.8488005902628,518.5370382681921,532.3661499023438,97866300,0.0,0.0,0.0,False
2025-04-14 00:00:00-04:00,542.4463448071801,542.6757082402244,532.2863784402284,537.5308837890625,68034000,0.0,0.0,0.0,False
2025-04-15 00:00:00-04:00,538.079255112781,541.6287592452915,535.2276998357879,536.0253295898438,56892900,0.0,0.0,0.0,False
2025-04-16 00:00:00-04:00,530.1128095536914,536.3045268284891,518.7563681804631,524.1105346679688,83484800,0.0,0.0,0.0,False
2025-04-17 00:00:00-04:00,526.0847532599682,529.604316656272,522.3657063534529,524.8583374023438,79741000,0.0,0.0,0.0,False
2025-04-21 00:00:00-04:00,519.6238052831814,520.1622525299349,506.96125797993665,512.3652954101562,69368100,0.0,0.0,0.0,False
2025-04-22 00:00:00-04:00,518.6068942866489,527.7398682752878,517.6596822546041,525.6959228515625,75948100,0.0,0.0,0.0,False
2025-04-23 00:00:00-04:00,538.8370393033936,543.8223014706125,532.306358035387,533.841796875,90590700,0.0,0.0,0.0,False
2025-04-24 00:00:00-04:00,535.137968583152,545.8164223668259,533.8717533370633,545.07861328125,64150400,0.0,0.0,0.0,False
2025-04-25 00:00:00-04:00,545.0387382920208,549.4257324957449,542.0874411745963,549.0169677734375,61119600,0.0,0.0,0.0,False
2025-04-28 00:00:00-04:00,549.7647656303432,551.9183721484593,543.4135463851055,549.226318359375,47613800,0.0,0.0,0.0,False
2025-04-29 00:00:00-04:00,547.2920086038646,553.8127702769649,546.9330843434874,552.6860961914062,47775100,0.0,0.0,0.0,False
2025-04-30 00:00:00-04:00,545.9560300157574,554.8796618213433,539.9238747243568,552.9054565429688,93101500,0.0,0.0,0.0,False
2025-05-01 00:00:00-04:00,558.7182765361568,562.4073827721945,556.2156651498251,556.8238525390625,63186100,0.0,0.0,0.0,False
2025-05-02 00:00:00-04:00,563.0653709624233,566.7046364907385,560.7223222120272,565.0894165039062,60717300,0.0,0.0,0.0,False
2025-05-05 00:00:00-04:00,560.9117673476358,564.9797581165675,560.0443366413908,561.8489990234375,38659200,0.0,0.0,0.0,False
2025-05-06 00:00:00-04:00,556.2854623092777,561.6894695117311,555.3183506499339,557.1528930664062,48264700,0.0,0.0,0.0,False
2025-05-07 00:00:00-04:00,558.4989192920236,562.1580845152806,554.4009877287364,559.4959716796875,55588000,0.0,0.0,0.0,False
2025-05-08 00:00:00-04:00,563.5739323580718,568.6289957190513,560.0443884974118,563.3944702148438,65130800,0.0,0.0,0.0,False
2025-05-09 00:00:00-04:00,564.8102205798259,565.8272334952061,561.1012148853195,562.6765747070312,37603400,0.0,0.0,0.0,False
2025-05-12 00:00:00-04:00,579.7560672258437,581.2815867067962,575.3391321114739,581.2716064453125,78993600,0.0,0.0,0.0,False
2025-05-13 00:00:00-04:00,581.6903470478828,587.343678293745,581.1220807001266,585.1102905273438,67947200,0.0,0.0,0.0,False
2025-05-14 00:00:00-04:00,586.0774155967079,587.2439499583633,583.8140869943453,585.8580932617188,66283500,0.0,0.0,0.0,False
2025-05-15 00:00:00-04:00,583.8340232035316,589.2280501171933,583.3753571741278,588.7196044921875,71268100,0.0,0.0,0.0,False
2025-05-16 00:00:00-04:00,589.5072306166389,592.7476509117832,587.5430666021017,592.4485473632812,76052100,0.0,0.0,0.0,False
2025-05-19 00:00:00-04:00,586.3665146930052,593.784587269064,586.3665146930052,593.0966186523438,68168500,0.0,0.0,0.0,False
2025-05-20 00:00:00-04:00,591.341882776371,592.2990142108393,587.8621184990102,591.1025390625,60614500,0.0,0.0,0.0,False
2025-05-21 00:00:00-04:00,586.7055374013049,590.8333490882792,580.1050551487234,581.1419677734375,95197700,0.0,0.0,0.0,False
2025-05-22 00:00:00-04:00,580.942551785946,584.8909013825514,579.6962362276395,581.371337890625,70860400,0.0,0.0,0.0,False
2025-05-23 00:00:00-04:00,574.2822361785879,580.0950688548037,573.9033513887334,577.4030151367188,76029000,0.0,0.0,0.0,False
2025-05-27 00:00:00-04:00,584.3425491795706,589.5670943925401,576.725053693289,589.4075927734375,72588500,0.0,0.0,0.0,False
2025-05-28 00:00:00-04:00,589.8163475692377,591.0228029471133,585.2598105493923,585.9976196289062,68445500,0.0,0.0,0.0,False
2025-05-29 00:00:00-04:00,591.3119286527991,591.4515306022613,584.342541704147,588.310791015625,69973300,0.0,0.0,0.0,False
2025-05-30 00:00:00-04:00,587.194104951146,589.3876325602934,581.5208739520402,587.6527709960938,90601200,0.0,0.0,0.0,False
2025-06-02 00:00:00-04:00,586.0275300945058,591.0426720366128,583.3354764354921,590.9629516601562,61630500,0.0,0.0,0.0,False
2025-06-03 00:00:00-04:00,590.5940612123461,595.3200799781005,590.1054544048488,594.3330078125,63606200,0.0,0.0,0.0,False
2025-06-04 00:00:00-04:00,595.2004551527299,596.1875273458553,593.7347563998676,594.1734619140625,57314200,0.0,0.0,0.0,False
2025-06-05 00:00:00-04:00,595.8684581600321,597.2344151426059,589.3078360260068,591.3019409179688,92278700,0.0,0.0,0.0,False
2025-06-06 00:00:00-04:00,596.8953968767723,599.0590445233215,595.1007146259882,597.3740234375,66588700,0.0,0.0,0.0,False
2025-06-09 00:00:00-04:00,597.9522747414663,599.477794222525,596.7259196839311,597.9124145507812,53016400,0.0,0.0,0.0,False
2025-06-10 00:00:00-04:00,598.4507520987654,601.6911723434343,597.3241388928317,601.3023681640625,66247000,0.0,0.0,0.0,False
2025-06-11 00:00:00-04:00,602.4091389302424,603.2765697174132,597.5036577794746,599.5874633789062,73658200,0.0,0.0,0.0,False
2025-06-12 00:00:00-04:00,598.2414316391353,601.9703979492188,597.7528856906831,601.9703979492188,64129000,0.0,0.0,0.0,False
2025-06-13 00:00:00-04:00,596.73587404184,600.0759753105004,593.7247562563699,595.2402954101562,89506000,0.0,0.0,0.0,False
2025-06-16 00:00:00-04:00,598.6303165073551,602.6683667667999,598.4507935133779,600.903564453125,79984100,0.0,0.0,0.0,False
2025-06-17 00:00:00-04:00,598.4408921774705,599.9763310919831,595.0010489432416,595.768798828125,82209400,0.0,0.0,0.0,False
2025-06-18 00:00:00-04:00,596.6760685598517,599.4478427165867,594.711843595377,595.6790161132812,76605000,0.0,0.0,0.0,False
2025-06-20 00:00:00-04:00,598.3800048828125,599.4600219726562,592.8599853515625,594.280029296875,94051400,1.761,0.0,0.0,False
2025-06-23 00:00:00-04:00,595.0399780273438,600.5399780273438,591.8900146484375,600.1500244140625,87426000,0.0,0.0,0.0,False
2025-06-24 00:00:00-04:00,604.3300170898438,607.8499755859375,603.4099731445312,606.780029296875,67735300,0.0,0.0,0.0,False
2025-06-25 00:00:00-04:00,607.9099731445312,608.6099853515625,605.5399780273438,607.1199951171875,62114800,0.0,0.0,0.0,False
2025-06-26 00:00:00-04:00,608.989990234375,612.3099975585938,608.3699951171875,611.8699951171875,78548400,0.0,0.0,0.0,False
2025-06-27 00:00:00-04:00,612.8800048828125,616.3900146484375,610.8300170898438,614.9099731445312,86258400,0.0,0.0,0.0,False
2025-06-30 00:00:00-04:00,617.3800048828125,619.219970703125,615.0399780273438,617.8499755859375,92502500,0.0,0.0,0.0,False
2025-07-01 00:00:00-04:00,616.3599853515625,618.8300170898438,615.52001953125,617.6500244140625,70030100,0.0,0.0,0.0,False
2025-07-02 00:00:00-04:00,617.239990234375,620.489990234375,616.6099853515625,620.4500122070312,66510400,0.0,0.0,0.0,False
2025-07-03 00:00:00-04:00,622.4500122070312,626.280029296875,622.4299926757812,625.3400268554688,51065800,0.0,0.0,0.0,False
2025-07-07 00:00:00-04:00,623.3599853515625,624.030029296875,617.8699951171875,620.6799926757812,74814500,0.0,0.0,0.0,False
2025-07-08 00:00:00-04:00,621.3499755859375,622.1099853515625,619.52001953125,620.3400268554688,59024600,0.0,0.0,0.0,False
2025-07-09 00:00:00-04:00,622.77001953125,624.719970703125,620.9099731445312,624.0599975585938,66113300,0.0,0.0,0.0,False
2025-07-10 00:00:00-04:00,624.2000122070312,626.8699951171875,623.010009765625,625.8200073242188,57529000,0.0,0.0,0.0,False
2025-07-11 00:00:00-04:00,622.739990234375,624.8599853515625,621.530029296875,623.6199951171875,63670200,0.0,0.0,0.0,False
2025-07-14 00:00:00-04:00,623.1599731445312,625.1599731445312,621.7999877929688,624.8099975585938,51808900,0.0,0.0,0.0,False
